id,roundid
test0,9f97cee5-26a8-46d3-a1d8-665512cff81e
test1,6153ccf1-1f1e-41bc-af25-3bc381ec04cc
test2,b3c9ed04-fbae-4d4e-b644-8197bca639c5
test3,ad789cf5-7db8-415f-ac68-632fd1563bd9
test4,e98878f0-f1b9-48ba-b76a-db4540d6d8dc
test5,a659150e-05c6-4b58-8fbf-19dc109ae772
test6,5b6049d5-1fc6-4464-a2c1-64422c9c98d8
test7,46572b4b-458b-471a-8442-2a9a5816905e
test8,cabb167b-15b3-4a2f-ae76-3dc7cc0c4a36
test9,bb9c5192-5257-4a13-a727-7bcb82a995e2
test10,9db82dc4-b793-4e3e-843c-4ef5f76431e9
test11,34edbe2c-a7d4-4fba-b58f-ce1eb801d25a
test12,fdf480d1-80fd-4254-bc18-74787d571e66
test13,b07586b0-d658-471e-a95c-98ff2cec6971
test14,2a600b88-c25a-406a-ae38-40ce655f3826
test15,849c84a1-2135-452b-92f8-e7e6aea4d370
test16,760b8774-ee37-4034-9dbd-4bfc400e7fb5
test17,7ed11f67-9205-48ff-ad30-66fa66271164
test18,a9f8774a-a494-4ca8-a08e-1fc3095efea1
test19,fb5cdd73-c301-42f2-bcfb-66a6fc7e1efa
test20,5beb8a7b-1f34-43ce-8728-b09ac4feb6e0
test21,fe30cabb-e14c-4640-914d-0f2062159461
test22,5e3848a4-b1ec-4c4c-ab6c-6d053ca83a7d
test23,eab8b7d6-6544-4a79-93e9-8efc27047d91
test24,2c951acb-38f8-4886-8b70-e606dd68fca8
test25,1fa94c6b-c1d1-4a0c-962d-6e4a9b6361b4
test26,d5e8a9ae-6943-4c4b-9450-01cbb7f7547f
test27,7ecfe9bf-94b9-45ab-bee6-efd99c9b84aa
test28,351c8aa0-6dbe-4461-81fe-c6cacf013b13
test29,a2e2628e-77eb-4654-901f-87a1aeb357d8
test30,64e83da9-95ac-405e-9d10-c3fbdb7baf9b
test31,7f538b77-aad2-493c-93ee-606b50a11fb6
test32,aea88df2-caf4-49b1-b192-f7d6edf1ddd3
test33,d51a97b3-13a5-4eeb-8e47-0239109bcfd5
test34,b42832b5-ca70-45c3-89d4-6444dfd6f0e3
test35,888b4fdc-99b4-433c-8acd-f90903651754
test36,2776d326-c93d-468e-bd3d-25b893d59967
test37,20221cee-d0bd-4224-a29d-a5f2a9a3a5e9
test38,95af5b25-150c-451c-bf18-1d0eb41f4e67
test39,6e53dfdc-d538-425e-9624-0db00b2a9e11
test40,dfd49d9c-4c6f-4bbb-8666-3ef13cbe3659
test41,ff5da759-dca8-4a6a-95eb-ce250c4b44fa
test42,229750e3-8d2e-43ed-b3ad-60dbc0e0d47e
test43,231933a6-88ec-4f7f-8a69-22737c28d934
test44,e8285d8c-db93-4957-a0c8-acfaae2f5a34
test45,a0c64a93-6a8d-4e54-81d2-ed8b1f03ae59
test46,6e0d8269-44bc-4630-aab7-9c891619b506
test47,00e0ec06-9210-4deb-a1e6-ef82918b6a15
test48,bae949bc-0de9-48fb-b071-8f66082351a5
test49,61e94ea7-7b46-41b8-96c4-fdf151318754
test50,bd5356d2-afcd-438f-82af-f0f7cd3a8b04
test51,163fb287-589a-49dc-97b7-542d3f73fb81
test52,0da3fe89-72e1-43ad-a1c2-f4a92105da45
test53,34e70cf4-3063-4a3c-8209-002f052f200e
test54,91c0427c-9eae-45b4-9860-e892072daa3a
test55,df6086b8-2833-4fba-9ecf-5267c2f2c5b2
test56,a1f511c9-e722-412e-8574-140b08b6ee96
test57,ec74c881-cc26-40de-8bbd-75df934a7f29
test58,74bde5c2-70df-483b-adec-35455b4a6528
test59,b6042433-9b37-4b96-a6f2-085b0d121f49
test60,9694b0f6-ee87-4d2b-8c8f-89341d8b8ea7
test61,66db894f-bf88-4103-81ce-d965f4c46abf
test62,9fc8204d-1a14-45bc-afc7-6b4d37615af7
test63,317d57d2-5bb9-4860-89ba-ac7a05cd00dc
test64,6d483742-6d1e-46c9-9f73-8cedbf4c88e8
test65,5df7f714-ad33-407b-af00-1bb002d47221
test66,9e733270-e634-4776-80b9-b67857b4bbd5
test67,01b1589e-627d-4a5c-bd95-849814139491
test68,53ecccea-b828-420a-9dd2-2c77203744ad
test69,1d3a32f9-ee86-4a01-9aeb-1542f4a1fbe9
test70,d464d027-085e-4b16-9ede-97427ffa993d
test71,b71b25ee-9bfc-4456-b3c3-e183c2c7ba45
test72,dd70fc71-f41c-4d95-b9b2-8b0e61fb8dd9
test73,63a8aabe-d495-45c4-82fa-0e059a4b47d9
test74,af554123-a7df-461b-89a8-9e590b5e2ea9
test75,8dcbd93d-fc64-4810-ba5b-1aabf0c299bd
test76,8fd94e23-d3a4-4055-af6e-15141fbe5e3c
test77,d2daffe3-6b27-475a-b56d-2c5c1fe37fff
test78,45147767-c03d-4254-8dda-2209347e2434
test79,0e640d3a-8696-4a6d-8d45-83421ad02268
test80,8c3ee570-229f-4e7c-a7b4-bb570518a717
test81,9dfed639-b5b6-4fc1-9c56-f0fdcd6dc1b3
test82,ab822806-bd30-4303-898c-fe073c6de4a9
test83,8a1b2a80-7c27-41da-aa3f-6a70f1ae9e2b
test84,d6cb12a5-b11d-4b5d-ac87-2f0a86151955
test85,cbd4b56d-2b73-44d8-a39e-b2128de523d8
test86,a096eb69-a1a4-460f-972c-482c84b1dc80
test87,6bbdc793-3b60-4b76-8cdb-0ffe411337c0
test88,fac0f668-d266-46a6-903c-1bd3aa37f2e7
test89,e2b1dc09-b43f-49cb-94ff-1a187638c5ea
test90,fc594fb7-6eb9-4ae7-b97a-0c840c46cc42
test91,0da80589-133e-4c72-b37e-a10db5a48017
test92,c37116a0-a4f4-4674-9f7f-5c8cbd72c5db
test93,357f206a-64b3-4a0d-8c09-9b091147d363
test94,beeaf5c2-9fc3-486c-9d89-0853e4990ce2
test95,3bcfe4e3-7772-4434-9460-33559cfe0451
test96,e346f718-0875-43c9-864d-3e228d2f4590
test97,5db9c425-ad19-4844-ad20-e84d25e895e0
test98,887aae1c-d74a-4f89-a6c3-6375f88edb7b
test99,f0b8a12c-7762-4cb0-8b91-ba5ed4b0ccbb
test100,5fbbb892-53ca-4cdb-89f9-b2188d4a0da2
test101,4671556e-9d71-4db1-a37a-75e988e4789b
test102,8c4f8faf-e60b-4ce1-9be4-69a7577ca507
test103,00800eb9-0927-4e86-bcf0-064d333fe964
test104,ac5fae97-330b-48c1-a52a-8e35ca146d00
test105,374c81e3-086e-4d9c-a124-ee75adfa15b1
test106,e0c30f77-8bf6-4517-8dfc-44329a2c4f73
test107,40d4ec2a-9f8d-4f55-bb34-bda51821ffb2
test108,56d7f9ac-ca80-48fd-8cda-becfc45231b0
test109,6982f35b-c876-4b39-bafc-ae5eb8db3eb2
test110,7e4522c9-032f-473c-a06f-b77d78de7fac
test111,12f84723-d216-4cd3-9ae6-50a076c2cf8e
test112,95da2457-01aa-4963-8558-8943133d6ebb
test113,52e12d23-5ea6-4589-aeb7-40e2112d0703
test114,7b554eb5-940d-47cf-99f7-d5064544eb16
test115,7cc2ceaa-8cf8-4e1c-8063-fe798a82c398
test116,3135bb73-d238-49e0-a545-c10b778049ce
test117,88c9622c-71cc-4eba-97db-d158fd88ce86
test118,558acaf8-6a1e-44e6-849f-c13b1c859bef
test119,1c9e2dcf-961b-4dbd-a7dd-c44e4db573eb
test120,c8c6e467-8213-4195-b898-0300713dc400
test121,54304fba-ae6b-4884-bfc4-b03fb67c4a19
test122,068e9607-7021-4ee8-a3c8-61bc6d3b3b1d
test123,248a68f5-1f1d-4f05-a759-60f78aa234eb
test124,2e84ffa3-1d54-41dc-b59c-f0374908854d
test125,5c9e14fc-bcbb-4c03-a3a1-c589068a9054
test126,6e1e95aa-fd0a-406c-b726-1e8083755fed
test127,79193561-1f4e-4b09-a7b0-436cb8859fa2
test128,2d7439fc-9948-4aa0-a4ef-65139beaa135
test129,bf30131f-21a7-488c-9b76-0cb5a9262024
test130,3c0da6b2-f002-4ab3-8bc2-9860deb6d13e
test131,d7725471-c4b3-4fe6-9090-922d368e1c2c
test132,1bb32a56-0173-4694-9983-b8e78d606a11
test133,cc97c355-afcd-45fe-a71a-0f2567bceca4
test134,af40c040-f265-4b3f-a0f8-678955f5d998
test135,1851ed10-eb07-4ccc-b27b-1b3006e06ca8
test136,15716f2b-438a-44c9-9a9f-eed1975a318e
test137,20199153-e281-441a-ac38-5f427aa867d2
test138,18b20b23-9cc3-4c04-9b78-d04c039c88af
test139,8003e6dd-abb6-4b32-acc5-51cfec923442
test140,caf14161-c677-4122-97dd-f92dab3d17d9
test141,668db3bd-90cb-4549-9250-10dff03c8a80
test142,f56ffbc6-81e0-49bd-8c48-7fddf78900d5
test143,b16c3e84-efe1-4fdc-bc98-474453b284be
test144,728d14f5-265a-4222-912b-f13271e2d3f6
test145,44610911-8165-4568-91b6-31601abfdf22
test146,0b9c6740-a8b4-4bd5-bfbe-436dbf10c1d7
test147,99036ace-545e-490c-9af2-a721cd3d651a
test148,4faf2bfe-3a83-4e97-95cd-4a34639580c8
test149,de95f17c-16bf-4314-9b91-482ce5688fe0
test150,1a6ca7e5-1e6c-4275-a789-c930e8f7efcd
test151,50d3a9ea-a7b5-427d-b8a4-b0545b295fb5
test152,ded73784-7779-49a4-a158-16083e17623d
test153,09c02533-27fb-4fe7-80db-c9ded8676675
test154,0e2aab00-7e67-4f2b-89a7-52c89879a34d
test155,747a6665-6024-4a91-8d53-2c2b585c0689
test156,d29aefaa-63f6-4ca8-a2b7-3612549cb231
test157,de0894ac-21f1-4141-a765-94c0b1dde15f
test158,0c341615-0e3a-4fad-8d6e-718dae442c92
test159,292c8a58-399c-4b48-8779-6cde5fb283ed
test160,77a0a9b2-eae8-4280-9928-9c7430ce6b7a
test161,322d3963-de2b-4400-bfd2-6a0524e038dc
test162,bcfb583b-d5ac-433d-8686-c245ea7b5f0e
test163,1fafda4f-c4c1-4a67-8563-432359fb1e6b
test164,eea3f64d-f872-4fa8-943e-7ee49bc8109e
test165,ef7dfa80-c7ea-4dc0-8a9a-6d4ebe78662c
test166,2f07cb10-84bb-4d26-a6eb-a6badeb5e0eb
test167,7c5e5362-e3ee-4c62-b833-fe3ed1fac818
test168,45753bcc-7aea-4ab7-9cdf-95a4b81c78ba
test169,97df7f03-2421-4d10-a107-95f1e6a433ad
test170,3ff0c4bc-9796-47d9-a6ee-fdb532fd6bf7
test171,cc287f00-7930-4388-93dd-5e215d68a507
test172,25f94a99-e9d9-4bba-aa45-5724fcce9517
test173,a5cb0dd5-f775-402a-8d39-2b868b564138
test174,9264ba8a-cea1-4e23-9733-dfe365d01f7a
test175,9091d2f7-3f47-44e0-972c-9603dbef943b
test176,f0260092-37ff-40ed-97ff-2bc4fe5745e7
test177,9b4e5f5a-1044-41a5-9c24-4636a4731253
test178,4f265499-9775-4d07-afb3-54196622c77f
test179,17af052b-8ea8-4652-b4bd-3d0cc030bfb0
test180,5e0ad8ad-404c-4b4a-8ef0-ac3e63a413b2
test181,670980f5-609b-4da1-8d8f-415561d515ab
test182,b60b8a1e-d7dd-45ab-b9ba-1480ab59230a
test183,b72c6e7f-d37d-4a7b-8b01-5278f3be1cee
test184,91c38b7d-eae7-4781-804d-dc36231509f1
test185,7c31a6fd-083e-42fb-b015-39bbb549b05e
test186,f8fdbcc0-1cdb-4af0-84e8-3b27dc5036b1
test187,0f49597f-78a4-43d3-b83d-2cc9852101a5
test188,b486aafe-c42b-4abf-98a1-5f6bab7e7354
test189,fe8e0cac-2fa4-44ed-a626-8265ca914693
test190,9ffbd084-75a1-4a14-ae31-0779c1568c30
test191,27d76531-b0ac-437a-898c-7c77f3d4a4dd
test192,419b3344-4da6-45df-a9ca-b90e9329b037
test193,277fcc7d-46f8-4cbc-9505-26dc0d6447d8
test194,3e1647d1-b298-4804-b9df-8d15032e8661
test195,d83ddea4-41dc-4355-b9d9-43ab0148af30
test196,5a5d3074-be19-4871-aafb-84c4fcd2f5c1
test197,39f3b78a-de19-40d8-b0ca-5bdca76935d7
test198,b9735706-475d-47c0-b78e-7b92670da322
test199,1c7812b3-a82c-4fde-92e8-cd7859dfc08d
test200,873c4e9a-857b-431a-a0bb-acc3afaa1e34
test201,686f3351-ec9b-49fb-8260-02c80e40b1d0
test202,c64d0b2b-58bf-425e-bb2d-ca9f2a9fcaab
test203,9814b275-414a-4c2f-a04d-ab22d4f1fc0e
test204,49bd78cf-baf6-47de-9be4-a79d385672e3
test205,1d0d1077-93c5-45ca-8686-1a5a46798366
test206,cff2562f-26c3-492b-a802-7c11130297cf
test207,933626f2-ca96-47d3-8171-abe07ccb9359
test208,50777336-c0e8-4dbb-a2a3-b22abaed6f61
test209,237965ff-6a92-4b6e-bfd1-4020319ba632
test210,91c43343-70a0-486a-84a5-554e1ac99ea9
test211,3295eb79-6427-4dcd-8393-d6abb6ab4c0b
test212,4416744d-abe4-4f23-af7c-081bf8fd9750
test213,6ef46b75-c5b0-46ab-a6a6-2739d71e51ab
test214,d038bac2-a3c3-422c-a402-98a3d8fabe39
test215,507aec3f-f4c4-425c-acc3-678f29c60fb5
test216,775abc14-8eaf-44db-9c45-1ead62873666
test217,9b53568c-b384-41f3-8b42-11d83b72ffd3
test218,8ed93b37-0ccd-4cc9-a159-bafdbd11656c
test219,dec5daa2-84ec-4102-86e7-c6fecd4270e2
test220,6317348a-4e44-49ab-9f28-dc0812ff2c19
test221,3a002cb4-8424-4ffb-9bb4-490de5f67d3b
test222,de445ded-9690-4676-a740-248654fcd80f
test223,70ea89ac-b9cf-413e-94b8-82b03a3d36ae
test224,1b3503fa-d9d0-4a77-bba4-d7bf504dbc7d
test225,54f6a223-035c-4546-8ddf-a0538002f3c6
test226,302c30a0-8316-4577-879e-e7a5941d8736
test227,feee4846-5453-4191-95c3-4a7ed9c4e863
test228,baaf2ba4-2bb7-4029-b78b-8df27ecf4ece
test229,81c7f9d6-3daa-4633-b87b-e46226dfe8c9
test230,fa554db9-3c9b-4c68-a8af-7aed304c4a86
test231,d76d3ca2-8a10-4130-a56b-e9c955dd57ae
test232,8d962337-ab8d-4604-9104-9c9a12554221
test233,7698d103-3142-4c03-9714-5ac7c1c957eb
test234,5f9beea5-158e-4a31-ba05-726142d2b5f4
test235,d196b859-d854-4dff-aee4-3de7b17e26d3
test236,420e6f9f-9e1e-46cb-ba88-fc79ba23b2cb
test237,e3210882-da0a-4060-a608-39be9bf4af57
test238,32eb08c1-2994-4f07-8484-3aac6e6f5f70
test239,202c9bc0-3e21-4845-8139-360b6194547b
test240,844e3aac-f867-4147-84e7-3d2f49f340f1
test241,0bb191a9-d89f-46e0-bd8c-24d70985e3bf
test242,b3466652-2985-4919-bf64-d3b4635529f7
test243,3185a5ed-ad2a-439c-b445-c93fc5fdc888
test244,22a3f308-b29b-4caf-a143-beee4cf1e2c0
test245,a8265325-f24f-4902-bca5-a5dafa9470a5
test246,2bc4bf22-456d-4d4b-bd31-881a0f2b8c99
test247,a88cd6f7-1eda-499e-a8bb-f0dc238fdb78
test248,e86be50b-0b20-4867-9011-e560f0bda7de
test249,4bf7fb3a-871e-402d-b531-a57569316b73
test250,018dd724-cc8c-419d-a7cc-aa15b50be1ea
test251,22c1c4e8-624d-4bd2-9b20-a306830fdfd3
test252,ba1cd0d9-8c8f-4a9c-a01e-5d258a6d847a
test253,8d2ce007-83c2-4b27-acde-e529b05c87e4
test254,f0df92b3-db57-47a0-8669-4d3dfb84ab5e
test255,2136f8e3-0c55-4453-a0ce-cdafd73aab29
test256,a83d845e-34b8-4a43-9986-4e7b71891d94
test257,3363d232-4da7-4f8e-8d30-7e033d0c2336
test258,360e14e5-4d76-4599-a091-fcb14e9ae312
test259,30924403-e476-49b4-9cf1-4ea2f7c0261b
test260,846a7c9a-a69b-49f0-82bd-988ef90d91eb
test261,6bcbfd92-3eec-4bca-807d-5293ac2950a8
test262,dd7dd472-b8c4-41ae-a220-792d07c23f87
test263,3b102368-6deb-40a3-b68c-ef0b2945d1f0
test264,a75377c5-c870-4c0b-8c88-0cea856b401f
test265,f42ac04b-8863-47fd-aef3-8eaebf92deca
test266,c7a8beb6-e552-4bc0-9c47-7277e5e67ec1
test267,1d7f0c02-f39f-4cc8-be73-5d104a5f4d3e
test268,07bc11c6-5ba1-46df-9303-a68e76879a76
test269,26da83dd-a895-4971-a48f-2173ff186617
test270,0f1d483d-5b65-445b-9089-3fbf8467b25e
test271,1b42d389-ef35-445f-9151-25e0359bea12
test272,b07c607e-becb-430f-909b-c62faeb9e5d9
test273,68c699ab-cdbc-4402-ad25-3411f3815058
test274,ab7c8b6c-e973-4c40-89c0-9a5aac168811
test275,a14ffd31-2f02-4f15-afa2-acd4ce772f37
test276,94808a6d-bfc1-41de-9813-6f1435cf0977
test277,35701377-84c8-4f06-825d-a6d98987e35c
test278,287d62c0-f52a-4a14-8c17-5a699d3a940d
test279,df321e8c-d90d-4e99-8fb8-2b11d66963f7
test280,3fc86226-8689-4ada-8c82-791d75085a93
test281,a1ec9c4e-db5b-4033-b4b3-871154d74a7a
test282,a5e87f1b-966a-45a5-9110-2adeb48e9bdf
test283,f60a3123-ae16-4673-a8b9-a72813d818fb
test284,db66021b-cf5d-4e60-9a51-d3704d1a5f0a
test285,abe45673-0fce-44fb-ae75-910a3813a259
test286,e79c89ad-f346-414f-977e-476cc940dd32
test287,378af24a-2a8d-4990-b49d-ec488b1eb7a9
test288,1f85623d-46ac-4d83-b040-b749822da1f9
test289,c394b0b2-242a-4ef2-b0c6-a00066d0fe92
test290,e98b32ee-2508-4601-b68a-39da29f45c03
test291,f9f73aa4-a696-4214-a932-876ad48c049c
test292,895ef6f4-6917-43c8-bc60-e76d8fde7119
test293,a5ce41b5-522f-4aa1-a1a0-303c95987a95
test294,ccbb542d-652a-4b54-99b0-8b390abf2cbd
test295,c92e58d6-4e0c-4ddf-ac1a-bf05eb66b09a
test296,4a4345e9-d674-4d46-9f19-e7c7403eb642
test297,acf6a4c2-dd50-4d68-98cc-d3f9c0e93c5c
test298,3f460b38-b65d-4150-b2c1-8783982cb7c8
test299,da9d67fd-667b-4056-bdca-90ccb1e3dca9
test300,f7968421-17cf-499e-ac23-35a63ad1b0a1
test301,b305517a-bbb5-4cc9-83ea-ae96a3358570
test302,0859cc92-6686-4c3e-8fe1-ef1afe3a0904
test303,2a48b04d-db24-4ae8-988b-a7e9a22fa9a1
test304,6ad131f9-5864-4d54-9d8f-851fce8fcb15
test305,f1887301-6739-48c4-be6d-f2817ce1b4b8
test306,443683c8-81bc-4d1f-b189-b8b2085d1ca9
test307,56c4fc6b-20fe-46cc-937b-5744f869bbd3
test308,ee7eac69-a9a6-4f04-94be-fb1bf2e6613e
test309,e2a0ca25-896a-44a0-8a9e-5473cc465994
test310,c833aa4e-9e4c-4d41-8484-c2197e792021
test311,a53df5fa-24b0-4d82-ae8b-974906a6ca3d
test312,1a3fd028-193c-44f0-8f66-648347b78ab4
test313,e9027ff5-828c-44b9-b697-8b6624b435c5
test314,b8bb647e-61b6-446e-94f4-946bdfeac544
test315,897279dd-4298-488d-a581-fbb940ec28c9
test316,35c68e1c-25ff-446f-a993-6f104b55e2f1
test317,88f7fd4b-cf96-44cb-a548-c7db226a4da5
test318,854b9922-d2ad-4834-a34d-1726cf7f8789
test319,4fb6faad-5ac7-4fe9-abf6-adfcfa374d17
test320,85db89a3-83fd-4bbb-90a2-ea48138a5464
test321,055cd3d3-5334-4337-8774-2bdd029fed29
test322,99750b1b-ec1b-43d8-8657-4ba4227bf49b
test323,caefd5ea-de02-43c2-b157-6a7794785d5b
test324,735bad32-bc79-4d96-8346-fa1aeb91e62e
test325,2ba183fd-39c4-4bc7-b2b3-4949677cb733
test326,abdf7594-c11b-4d51-932f-077ea293fae6
test327,ad99ad57-ffc3-43e6-90e6-766bde91b8c0
test328,cc35c9c7-e3e9-4151-8f85-549f4b1d8117
test329,bbcb656b-7959-406e-ad6f-9be2ed1faaab
test330,4d43a455-57fe-48f6-a344-af4c72f32f88
test331,dec2c313-6137-4f72-bfb8-9ed7ea5b80de
test332,5e6e2bb1-d9f7-4fad-87ba-7a806e51ba21
test333,b2747d52-71bb-4384-93e9-fba3f29a2ced
test334,cd6e8da1-5547-4c3a-a35c-f054a3391d31
test335,b10e54e5-a23e-4840-b1b7-2bdf92a123b8
test336,3a1d3a2a-3782-461b-8493-f38672c69f56
test337,c4c85450-3065-4306-b234-22dab4f317fd
test338,e2436d2e-6faf-4909-b08f-7995ad788775
test339,b0b3ed39-a36e-4190-b9a0-e0357023e8ca
test340,3f6e0d4d-ba9a-46d8-9f13-85ca29898039
test341,2989d635-c585-4144-8137-1b821a23c10d
test342,a8b8deb1-2022-4b44-8b49-b6ba5a37ba06
test343,b87ccd5b-f410-476a-9804-f310489474a8
test344,17a109d9-9987-4d64-af8f-6e08711ab769
test345,a30a2847-ca00-4fa0-8dae-c36c541703d0
test346,dcd6f581-e1bf-4bd8-9a4a-88775270d15b
test347,e6c8375c-7822-4947-9249-051d249c5a9e
test348,fe09794e-5dc3-4ede-86b3-a29eb36e73f1
test349,51368370-2b6d-45b6-bd28-42a7f0b14811
test350,79bc59cb-eedc-41f4-b7a8-01c31b920347
test351,258bd232-2954-456c-b0a9-20f9e6d6a0ea
test352,b61026df-a9fb-4daf-ab7c-01acb2ee84c1
test353,bf8810f0-f115-4192-9508-81a8bbc89626
test354,0b9b5edc-4c01-49da-91ca-1e7b7a7febf7
test355,3d4aff91-9e0b-418a-8130-afb6c1d34cfd
test356,0531f5b3-3913-4922-9f3e-92d5017724da
test357,0413c1f4-07fa-4a56-8886-a8c3d62496a4
test358,22b91f05-5fe9-4bcd-a36c-80ec068fd2ea
test359,c92035f0-a961-4315-8ac0-75def716ed46
test360,23fb7e07-971f-424c-909e-bd304158bea0
test361,137a28b2-7dcd-42e4-89ad-985fa2849de4
test362,3e70998c-f184-4e9d-ada0-25bf608bfa44
test363,75be5a46-b623-4fde-810e-8e7ab4172314
test364,b112aa95-4a6b-49d7-a197-87d29257bce2
test365,e7f65669-4df6-4807-b25d-63731699bbd6
test366,5d2ec33a-5cf8-474f-8fca-25c858b3e71d
test367,56652003-8dd2-4c64-a8a4-60a5b0412df6
test368,dc2f45e0-b374-472c-a177-c98301ad4f05
test369,2056b3e6-5990-488e-a049-c6c77008c1a0
test370,7e75a9f7-e09b-4c65-a2a2-6a40b9b9aa35
test371,13ed59b3-89a3-4469-b3e0-9e1d6df47038
test372,111ea1c8-6ded-4673-8fe2-6b1aad053be2
test373,b0f8d4f4-ed6a-41f3-b2f9-a47dd16b4a8a
test374,04db87ff-92fb-473d-b434-6ae087c42a98
test375,27c058df-3680-483a-9cf2-3c5f3f8404e3
test376,d7bd2afe-d1bb-4ef9-93cc-a0f7ad819cd1
test377,c1d35d44-b908-42f3-aec7-82597251cab5
test378,9709e32b-85d7-4616-84e1-e060db6e6fad
test379,6fdd459d-e604-4e40-bae1-6bc1f23739ca
test380,b90205c2-48fa-4b69-8281-1d2b29b6b760
test381,3170d448-cfa0-41a8-94e4-fc53413a9326
test382,a0bea2d1-c423-4126-9a5d-8be0b8c7ea36
test383,18d87b58-ab83-4843-bf85-9319af4b252b
test384,9bf4a27f-faf6-4b6a-9a9f-54bb73abbf35
test385,bdea7d8a-dc1e-4aa0-9553-44efdf9ce193
test386,7bcc2bb4-c108-4459-a2b1-e0aef950c3b9
test387,93d6e04d-c900-43f2-be8b-4c63cdee2d55
test388,5eaf61ba-8a33-4618-8318-b09290dea0a0
test389,03f437ed-e221-4273-b4ea-97d101e2e588
test390,51187a8d-e6e2-4b26-ad39-ccfbfc011ed6
test391,6b94403d-0b36-4a24-a577-5aed984591e0
test392,6b6322d0-b366-46d7-8c33-cb91cf3fcb58
test393,f8d1526c-e6fc-464d-8e56-be24f067ce51
test394,e79c3aab-8b41-4e00-a6a6-67ece544680b
test395,2560a6cf-5290-4657-ab9b-a58b0667f0f1
test396,cd53e410-327a-4607-b28a-ac460134fce7
test397,735c6bcb-f4b6-4600-8a16-803a3180d135
test398,8567e520-50e9-43ed-b2fb-b4945ef8a169
test399,bd1cb732-0b31-46ec-b823-354e245fd90a
test400,3bd95eab-4d8c-4810-950c-00c9c6930842
test401,aa0045bc-410b-4a11-b67d-21f6c76f377e
test402,669ad70e-a9d2-42ac-8d92-5856ae6fa7af
test403,ed400b69-13ed-469d-8b0c-293d6d2d51e7
test404,275f9bee-6aef-4054-85fb-503b38aca609
test405,86bfa3f9-2869-4e37-83b3-dc7a607164ca
test406,766b6d7e-3c29-4805-8217-5324c9707b56
test407,d2d788cf-8c4d-40ba-8f26-b4999fc55de8
test408,7d658f60-4729-4071-b5ed-4371293d3802
test409,2b2e26d7-d2f3-4fe7-b6b4-5b9f20b2e230
test410,5a241c53-3c4d-42af-ac89-bb2bc2369109
test411,5e80bd57-2490-4d95-b118-1624320f908b
test412,3080b629-76f4-4c6e-8bcd-d03a8e7b942e
test413,4e751fc6-2a82-4355-b14d-32a68d536cad
test414,c6228cd0-d4d2-4a55-943e-79613070160c
test415,656d38f7-3aa5-47b3-a35a-95e617e68d6f
test416,7357ac55-c53e-4e38-93d9-7cd46710d21c
test417,cc51714f-429f-406b-b724-58bbde6bf55b
test418,9bd9b235-9082-4038-89de-fd74ad3f3d0b
test419,b565e4cb-4d32-4f3e-aa3b-790591199c65
test420,f7a6c668-ea2a-4508-8ca4-94fc1f1811df
test421,c7146602-c28a-4b4f-83af-a2b63104b600
test422,9ccdecec-1258-41ea-a165-ffa7d53b86dd
test423,52c46175-fb90-4629-8cdb-0314d56d2810
test424,5f3eafca-520e-471a-9f14-662d70234531
test425,c4a28ad8-8e37-4fd3-a13a-3fa31b1a345d
test426,9f9917d1-0784-44b1-b924-320b5b6f0aaf
test427,2d786023-85cd-4b99-8c30-6c6e4d9a538e
test428,fd01fe85-b973-474d-ac63-7a7cf036ff4b
test429,1175888e-ee4c-476d-92e3-2c8ca39f4dd2
test430,dfeaab07-6d6a-44f9-8dc0-02a0d758c51a
test431,0d04fad8-f2a9-4209-8f04-d818584a7bb4
test432,77e9d2dc-ee18-4218-8220-d09e2dcb37e4
test433,6a98ff71-b025-4a2d-b4a0-b60d537a42cf
test434,be83d7ef-10a3-486b-9c2f-50dff4eadeb0
test435,347f0b65-f19a-4ead-87f3-55a3351ec451
test436,bd007032-0ef0-445b-ab2e-1592eecc18d8
test437,ebad6024-10d1-4226-bb36-ed2bbe83be8d
test438,b73997a6-5dfa-4f23-a4c0-2525518cf569
test439,e8938f8f-91c9-4c8b-8470-d792a9a8a302
test440,ed67d3c9-b81f-4a94-a3c2-e06a839cc708
test441,fce9c6d2-5312-4be0-a642-21ee9589e39a
test442,b8f6d09f-ad70-4a7c-a212-7581c1176887
test443,8381f8fb-4513-4edc-92bf-2acf07726a10
test444,bb5251d9-b801-42ef-a967-edc7790f2fe1
test445,ca15d262-ec60-453f-8c33-5d3fa94d53ad
test446,24b96dd4-e539-43ff-ad1a-d06d08dc9f60
test447,e81a8a40-7809-411d-bcfa-f4953ff6cddd
test448,0d092e73-e023-4da9-b4fb-526aa36dc909
test449,7e8e8014-56e7-4668-9e4c-df934e853948
test450,52927305-0abe-4aec-9d20-23e8a89b5a9d
test451,f7c6b3b2-aaf0-4b6c-9c0e-ac7210a47260
test452,e1e637c3-2449-4662-84b2-c07200746ac9
test453,bd440919-7485-4127-82a4-93d39dda55ab
test454,dfa81f94-b399-40dd-82c1-6e72f28cf45c
test455,ad806a68-27c2-4691-8abd-90bbf1df7527
test456,1d5c6121-2367-4cbc-9711-b7c334530993
test457,65bdb59e-e5cd-4d4e-ae27-8e09dbea0590
test458,c835006f-a69c-4d12-a9ec-8177ef5ab2ca
test459,81d682ee-782b-4556-9d9d-a8132d01f86e
test460,b2ec5a79-2aa8-4cdd-bef2-c108acaf8a40
test461,5a11bcd1-2408-4594-8f95-8458c5474f33
test462,d3870e94-13cb-4dca-bde7-b39400240b9f
test463,eaeb0a34-7f8d-408a-8d16-b8717353a6c0
test464,5f302d87-686a-4c53-8e85-b2e244a28a7a
test465,8ced1852-192f-4b6d-b181-48b43377e92c
test466,4300c9a7-855d-4a42-a34a-9e48597bf20d
test467,6677a42a-7ffd-4152-a366-3c2c531645a1
test468,0dd3d268-e43f-43cb-b94b-d9b8dfb726cd
test469,4793699e-72f2-4863-ba52-41e0aff24793
test470,5c154d21-e7bf-43d5-be01-d7863d6722a2
test471,68c4de9b-1344-4c2a-8f9f-658ab17d39cb
test472,1095d204-dcee-442c-be1b-40af89f0c7e9
test473,c3d6c5f3-72b4-456b-a443-e632d927a4ec
test474,2b51718b-3f92-4bab-ac4c-aab00b626585
test475,09b190b3-5ddf-4527-82a5-105ae8b01376
test476,f949d9c5-a071-4b90-bf1f-e441bec1ec95
test477,85219a22-c98c-41b3-8865-389e4678076d
test478,2351df5a-bfa8-4e96-acc1-d472065be0b5
test479,dfb032bf-cbff-42fc-b933-c10ae7cb182b
test480,4bd9532b-e7f5-4090-bdd6-ef043e13f3c6
test481,6b7081d8-da46-4f75-a39a-3c7da6395501
test482,3fc72dd9-500b-4f7f-bd47-3d0883b45ca8
test483,91ca38a2-2c8b-4f33-87d5-9bcd70decca6
test484,c83f09af-54de-497e-9f12-f5090d42e26a
test485,db531fdf-5561-4e40-b99a-75a6e5b554a7
test486,ba79faa4-eff6-4df6-9e1b-af61414592d7
test487,1c996c7f-d019-4928-8fed-5f3a9ceb7c47
test488,a68cb47f-f2c0-4ee9-b8fa-266a3d1f355e
test489,dcf0f9cf-f80f-4541-a7f0-5d435b2abb92
test490,05420447-03db-455b-93cd-93b2e65771c0
test491,114b4717-b8f9-483f-80b1-61f983ebc888
test492,4ae49e90-ad67-460d-9007-9475dceea30e
test493,c40054bd-2339-4a06-94fc-e1eceec8359f
test494,980e455c-c55b-442c-8242-ade2f3aa6ccb
test495,3aa44b5b-132b-4ed9-802a-84f21eca2d0c
test496,367e397e-f6d0-4f97-a309-6007f869ee4a
test497,21d00650-5978-4f46-99f1-d98cc9b6738f
test498,04e10bd5-e651-44e6-9db1-cf641171c3a2
test499,48fa5fb6-0a64-4785-9634-338159668fae
test500,86a6b7c7-a92e-4c4c-b022-fe7ec2bca5bf
test501,2f405cda-cd1c-4b1a-80d6-8384400e3099
test502,5acf16c9-03c9-470a-9da8-9bf21c51cb75
test503,e138288a-1a0d-4dee-8783-5d2d1794c22a
test504,0fbda8dd-1fe7-4807-b8c8-6adebf88f6a0
test505,46c5e8df-e229-423e-bb87-fd978bdc3bbe
test506,1403ad60-5401-42bb-8808-38ad84653aa9
test507,f2de5f61-fd43-4b05-b19b-6e69671b17c9
test508,d3359285-4194-4999-8dc5-658da9e17201
test509,d8686592-b556-42c7-b4b4-be1eaf238872
test510,d7bab852-726f-417f-9503-0c236b3d7174
test511,27ff3357-22d9-4be8-99d5-48d5aeb7e19b
test512,a0988912-c304-4204-8f39-ac418f50dc55
test513,adc789c3-d70d-4cde-96df-12f9c3d82f0f
test514,f547e177-cdba-4990-8f23-79badcdac4eb
test515,a6409d33-2e52-400a-b45f-3f86031806c9
test516,b581cef2-a73a-4093-bd94-328c6cd2eda5
test517,6612e6cb-d56e-4cef-ad60-93cad6e58192
test518,4610a5f2-3fc0-4d5c-9644-9501fcb4c8f7
test519,efddb9bc-12e8-4b13-a63a-10d43ae18060
test520,1ca06412-a36b-4651-b59f-5e8b7bd725ea
test521,3e0ebde6-2f4d-47d9-bf63-a1f9b9280b2d
test522,028e736c-568f-4994-a697-e462d8b598b9
test523,41a627bd-2d88-4dff-803d-de2a23aaf13f
test524,8bb8ad92-0f02-4556-8673-414201449016
test525,9d13de82-5a2f-41a2-bde7-dff3b072a01b
test526,734fc7e7-ac6c-4c5c-b89f-13bfa83c23dc
test527,61fc5d3f-bad3-49f9-a80f-2b6241fe2483
test528,f1a20357-3b9c-447c-ab7e-d1149b719052
test529,1e107f08-3851-4919-adbf-ad377c89684e
test530,a9f53fa7-7bd0-421b-aa36-b16bf31b7352
test531,69d7077e-4c1f-4577-8e2f-d118255e9e01
test532,944a52e6-080c-40e9-9e83-24e9772cabdd
test533,66841694-13a1-4304-a993-9fa28e26e65c
test534,c236bca9-4a66-4065-8087-e816659af902
test535,f4c15d09-a274-4d0c-81ed-fd958f3c2259
test536,14b0b121-2a58-4ef4-9a99-a96dd6b45021
test537,39853526-d0c2-423e-9bde-f98419f80147
test538,39dd733b-cb0e-4a81-ab14-3b104a72d8df
test539,18db7fa1-b790-447d-9670-2bafaa014005
test540,fee6ff4f-6dba-4cf5-ab29-63043ec0a66f
test541,5abb61c8-ab0d-4260-8def-2afa8c9f1483
test542,45c6111c-10de-4f10-adb0-3a76f7d22bec
test543,ffd5cf45-b3e4-4991-aeb1-1a33d508dc03
test544,d2167bfe-e3a0-485d-aff3-20d3b07652ef
test545,2264ef26-248c-4f5a-b8ea-4406a3b2f0d8
test546,7fe4cdb9-381c-474d-8084-43c9565e54ae
test547,fff84af9-9a95-441e-887d-cd59c0a1b986
test548,067c5b36-99ad-49be-a709-ba78ca744234
test549,2c50db1f-f8fd-4590-a0c7-77f8a8baec89
test550,de3c8701-7245-446e-980c-3663ad2b418f
test551,241fe4bb-9d7c-4dd3-8175-80b95a100532
test552,82666d87-2fb7-4b26-b8d0-46e7b3cb7805
test553,75e4a4c6-8bd5-46f1-b251-8b928835ed45
test554,31eadd43-f709-459b-ab19-315435c5b9a6
test555,b0b7dd38-5e27-493c-9110-a540198cdd67
test556,273aab67-79c7-4855-8004-5be3b6ffd4cf
test557,d419285d-1c3b-4490-b826-5975d8946e6d
test558,f7194daf-564d-4a0d-9bd0-4b24f829a874
test559,07c523aa-61d6-418b-b996-dbb48140df20
test560,786ed767-821c-435d-96b3-3fa8a009de45
test561,5b7d77c1-2909-4b32-83bc-4652733e8f20
test562,ee0d45df-bc28-42bd-92a7-4ffa3ecc6207
test563,dedea570-f07e-4195-b424-ed365a4dadd1
test564,9e8f16bd-e028-4f0e-993e-2d31ca558cac
test565,d92fb6d0-e8ce-4c63-ad58-bf61bd8b199b
test566,461c4500-8fe7-413d-966d-72a78292f60e
test567,4f2fb1e1-60ca-4b91-97ad-c54b98c67bdd
test568,cc3d899f-5d92-4dc9-bc5e-85a773c51355
test569,0be6f13e-61cf-497a-9817-ae9e49ca8d5d
test570,c7aef508-000a-4022-8241-10186ed8705d
test571,ad754ac9-d915-4814-b2f5-6dea72b39915
test572,792ce6fd-3733-4533-8f1c-0d76ffacadc3
test573,1ee9fc63-2402-4b2b-bfe7-f746603c2ca3
test574,de434288-f144-4e96-b898-65a9a56b2954
test575,c3048821-b772-4bc6-9997-050fb80ffbc5
test576,ba231406-bf19-4d39-88d6-2681bcd46203
test577,ed15487d-df11-4c0a-838d-f520eb16ffa4
test578,9c6c7388-967f-437b-833a-49e41b8f0cbe
test579,4fc3eb7e-6aa5-425c-80fe-bc5206cbc2ce
test580,b6ffc302-b987-46fe-943f-0c049e79d5a6
test581,49ddbce4-145e-458c-929f-ed050084e429
test582,58cf4807-aad6-45bb-a044-e61caaf9e496
test583,ac2cbdb1-f727-4c44-b06e-cf083ec9cc4a
test584,80af0a0e-adf3-461d-9c5d-08933a4c0bf6
test585,004497bc-eaf9-450c-8089-8e310da198e3
test586,ca251383-159a-4421-8325-767781d5a53f
test587,744f631c-f326-4298-90fb-7c60a7e13743
test588,3838fb18-b707-42cb-998b-b1c26f7137c9
test589,70e33f90-5bac-4d43-bd8b-68d6ef7fbf18
test590,053ece1c-344e-4263-85a3-fad113c2b49f
test591,50cebe3e-6183-44ca-938e-040c47e0efef
test592,e2b040c8-c1a1-4359-9577-23f498818490
test593,d4e7256a-89f0-46c8-86b7-67771b26ef1b
test594,28fa3acf-cbaa-4eb9-86d6-f71257d133b3
test595,86e083f6-0cd3-4287-aae5-9deca3843705
test596,8245b8a5-7dd4-498d-8624-39c6af89de08
test597,a11299de-e3f5-4006-a4f6-4d86418db90f
test598,b34ff93a-969c-409c-ba2a-2e5d468a4b06
test599,325194f4-fc5e-4668-a292-73434382328e
test600,68360b27-4fe5-4e5d-8ce7-c6ab2d0abd1d
test601,59b8a38b-399f-492b-ae02-2dc772a3b677
test602,9148a287-4a43-401a-af60-54a877e7749d
test603,bb7e59e7-b023-4cc8-8dfa-9ce7d6806fd4
test604,cad64809-f44e-4385-886c-d426a2f7ec77
test605,73c2e48d-de83-47a2-a06b-e0f8ca498e16
test606,c202e2d9-71f3-404e-b88b-d13e7257c3ca
test607,315c1eda-31d3-4e6f-8f56-1801581c72d4
test608,808f8081-57bf-4778-a4b1-d628ceba5a39
test609,35ad696a-34ef-437b-a595-874220560299
test610,83b091de-f934-4b71-9415-77a0d9bc2e70
test611,70706949-e4d1-4068-b1b3-c4c81de43cbf
test612,dbdb5bc2-e318-4735-a407-ea176a30dc65
test613,e58988ed-d0df-4459-80b7-ffe52d92f88d
test614,4a97d1ea-9dc3-4606-bbba-3a4ad56edd2e
test615,a6d6566c-7d39-469e-a4f4-5bcd975bdb08
test616,9e4bb856-4871-406f-af17-0cf937a9fa78
test617,2efdb97e-4109-4759-addc-5db743bb842b
test618,4a112331-7f90-44a9-a48a-f0e256376e03
test619,5b3df232-efd6-4eb0-84cd-6c3d0afbeb83
test620,058341d1-3713-419a-a4d9-553f78e9bca8
test621,17407369-efd2-477a-92e3-68d9f983f260
test622,4b8c828b-9dbe-48f6-b1ea-044d8e5542cf
test623,e1e79079-362b-408b-8cc8-54b6f82d2a0a
test624,fa390b51-147c-4e50-a09c-35c0fb297155
test625,ac1f009b-9f57-4ffe-b681-133fa690cfb5
test626,3e8a815a-39a7-440f-9c92-361dc67bc74e
test627,87ac2bf1-a86b-4f32-8942-3a187253f831
test628,1a3c2b5b-df5e-409a-9303-a94c84177726
test629,c5fc5c55-4d66-4a47-bf3c-f671d57bf575
test630,b6a060f9-d9d5-403d-ba8e-50f635d1c1fc
test631,2df7b83c-9981-4b55-bb6d-06dfb0bfe990
test632,99695389-52a1-4a89-8905-776fcad20954
test633,39cc1057-b382-44b7-bc70-c91d3fd393aa
test634,0f7a2947-bf0a-4734-8d3f-e449a3ef9562
test635,a4c586c3-c909-4715-bc4e-5f8003ba4c0b
test636,44b66b8d-f85d-47be-81eb-69d09af0099e
test637,e31607f8-59e3-4109-b54c-dfe0c3173a60
test638,00d4c8c4-313a-4c6b-ae5a-03fe54e69255
test639,a7ab94b8-e955-4291-94bf-a14e927eb4b0
test640,212a2c0a-34e2-403e-b154-89bc0679c76f
test641,a4f969bb-d773-49a5-bfd4-9de1edbfe1b9
test642,9f8028c8-3f8c-4a18-b4e6-f97704383ca1
test643,a4cfedd6-9d6a-45a5-8b6c-db60b23c83a5
test644,e3e0b6c0-c7b0-4b2a-a132-545379e9cbb0
test645,b4257cd6-27d3-4e74-a4e0-f8a8ea34f850
test646,47654944-da5c-4b46-8440-088c22db939e
test647,a1ec0253-6401-4a73-afd8-c4ff04187499
test648,450a3293-c57f-40d9-b2cc-fad82232a4c2
test649,68df722c-a354-4cb4-8319-ecc156d46862
test650,f57c5da6-a13c-418a-9b18-1dd2643a6438
test651,ab510481-3687-451c-9c57-bb173328254b
test652,fbea61dc-0439-46c9-b3bc-98ad7ab7aa2b
test653,4800503f-11ff-4c41-8a01-f59d75f0a648
test654,46d4e147-4cef-41d2-b974-8fdf15348adc
test655,a2e13bb0-441d-4340-a913-bb2ff978a198
test656,ffd9429c-7ffb-4be9-acf1-6e699e52d16e
test657,e6f4bb95-dd8d-46e1-a7ea-8c3ec7cdb7c2
test658,f18db8f5-406d-40d2-90ab-d8e5bb1b3fda
test659,0f1367bb-b798-4db4-a60b-5965c209eb9c
test660,ba43a3f9-7518-43cc-b7ad-1d9ed14f6b90
test661,37bedf15-6370-430c-8ffb-a22303a73c88
test662,99df420c-c6e2-4692-8f69-4e363fb762ad
test663,60f110ce-cd82-49f9-bd0d-bdedcfce845a
test664,d2a7bd98-7016-492d-8686-debc0570f7c7
test665,31f13ed5-67c9-4caf-8531-16ffaea97caa
test666,60137ba8-efaf-4092-aeb0-dc2a2441c5b6
test667,221becde-ae18-4ff0-99c2-9b9b01affc72
test668,849ad246-59af-4159-bf67-bea1d5e7e9de
test669,b5b691dd-1870-4470-af5a-2fade1f66e42
test670,d3860e6e-9668-4411-9cd3-bff3c26871e1
test671,a2c32c5f-2e4b-4449-bca1-30eaa486756b
test672,abc3c27a-e9d1-40f0-828f-d743c15f76bc
test673,aacb9e66-c7ef-4eeb-a91a-1bf29fa4c4eb
test674,54ac7762-11d5-4ded-ad7b-3eca5750f6b4
test675,14b1e29e-fbbf-462e-95f8-370d1c2531fe
test676,96dea82a-a59f-4484-848f-8b0adff4599e
test677,b6801505-e687-4d6a-b3e9-637c5dbcf28c
test678,6109185d-fef1-47a4-a6a4-63088f8eb154
test679,1e3f5366-f7cf-45b1-86e9-e885d44d1af9
test680,04bc7376-026f-4f9a-9a4e-bd470537a57e
test681,25bb674e-3c2b-48a3-9111-6cac263c3cec
test682,d437528c-82ee-46ee-8da0-b8a5702e19ec
test683,635c5344-0b88-4c6f-af69-efbc0bb94e29
test684,753f80a7-4cca-4182-9006-0b57f52b8626
test685,e2f3a371-9e80-47ec-85b3-e7a06115bc91
test686,02e6a38f-e12f-4274-9411-ff9835ae0508
test687,b68ba111-d5a9-4bf6-9e41-6621f111a9d3
test688,dd603305-b26f-448b-b646-08e27a4b126e
test689,6b374f45-e1e3-4e6a-84c1-5608f52d6f76
test690,95d5bfa6-8a4d-4e2a-88f1-ea9e4a00fc5c
test691,d4e33f29-1faa-4367-8d0e-d14c15f84a3a
test692,f02b94fe-dd50-421e-b8f1-77c906821029
test693,13273f4a-d363-46c4-8203-7f37df5e3e00
test694,45dca775-ff13-47bd-a48b-dce5018c777a
test695,3a10ced5-65b2-4ed0-8544-16ac9fff26af
test696,c9c0e528-6a94-4228-aa3c-86334731c340
test697,bef77323-a5c3-44ce-b414-e604947608cb
test698,89e4c6dd-e882-49a7-9882-9a1ee12b34eb
test699,074fe373-a99f-4aca-8a25-792decaf8ab3
test700,af534193-2b94-4270-a4b2-023f752db27a
test701,ec71f202-617a-49b3-ac64-4be95636acbe
test702,a5eb0a6c-0acf-4d58-80c7-0b722e2e7842
test703,c07368c9-1603-43d3-afcd-93736b84a8a4
test704,be2b30ef-8ede-4f38-8c32-9adba3be746c
test705,b9f29d8b-8fb3-461b-b037-22e5e75312f2
test706,fa03ffdb-6760-4102-8ea6-f1dbd0555e96
test707,14e5f111-b021-4bdc-b128-510d19ed2175
test708,57a5450e-8b35-42d1-aeed-104779a27b1c
test709,376b12a8-2e4e-4bcf-a3a3-0bab9a7837db
test710,2853e52f-c0d2-407e-9bb8-a16a69d91fe7
test711,0c9e1940-96f4-47a1-bef8-e632864d91f3
test712,8830b934-b78f-4575-8f6b-7cafbc08dbcf
test713,35607ed6-12dd-4c57-ab94-508f8842364c
test714,f812d1dd-c5f6-41d2-b7f0-bfe395635ef3
test715,782dd9f3-4c29-4a37-80d2-cf87b6fd131e
test716,f55000c1-9d16-4412-8386-7d7a42961485
test717,9dea7c69-93a7-411c-b0c9-5bbc724351bd
test718,9791c091-5ed0-4dcf-9991-f84d19136ef9
test719,05b6e3a5-da20-4855-931f-c5614548d402
test720,789e68a8-8328-4062-bc6b-7ab12964e19b
test721,48b7ef3d-31a9-4a7d-8dd6-332c6c00fd63
test722,1631b704-ac97-4a50-8f34-badfad7a9fe5
test723,d5eeff87-30f0-47e0-831e-b914346e93ad
test724,03c5b148-2958-4eed-a49e-d812fefefb29
test725,2507d965-bf90-4d6b-a223-f5e68af3e996
test726,0167d768-dcb8-4596-91c5-efd287a0896d
test727,3b23629a-a860-492f-b0df-d0c32ea233a2
test728,f484a70e-3c6b-4f60-aef5-3648ed66ea7c
test729,10af3548-7ac1-4efb-97ea-4b06548a0eff
test730,74bd7cea-35d4-4d3b-8d84-ba9df8ff5398
test731,3f310676-00ef-4f90-bd48-5e373a0c4264
test732,77b1bb71-865b-4ac1-ac9b-a7c1dc10c848
test733,0618d7b5-3a52-4b78-ba3b-eefdaf26b115
test734,0ed255c6-bbbd-4c4c-9b07-2c10ca860034
test735,408c094c-7ccd-4c84-a412-da37e3c7808b
test736,cc32a0c4-0958-4605-a50d-eab5cde50f04
test737,083f3d73-840e-4371-96fa-15a9da1d726f
test738,5e577e74-447d-41fa-af35-00d7b498b5b7
test739,5e3b059a-fddf-4841-99cb-ddedcde470e5
test740,e404e15a-5bc2-4480-ab1e-a5c7ef4166f0
test741,ceb470b7-b175-4246-a4dd-fa9c9cb95554
test742,a9129968-ea4f-4a64-ab4b-57e3490b0813
test743,0bd96713-3ac0-4ee9-8bd4-1dc70a67dc23
test744,e1377e83-f130-4bb0-abf5-a0cf34f66250
test745,b89edc1f-46ba-4cad-aa71-4c40c437ce24
test746,f6dde9e6-eca4-4e08-abd9-6f37032a45ea
test747,9a94cf3f-3bbb-44ff-b862-63608a456098
test748,2aef85d8-a66d-4de9-8d0b-014c17475b4a
test749,8eb42899-12c4-45bd-8514-ac27dbc9c50b
test750,2da76f6e-ef20-4948-bfc4-609847b3bcbf
test751,f430644e-6ad2-46a1-a180-86f4d86cf67c
test752,e262ae63-f076-475c-bf30-7ef466ed2bf8
test753,6f4413bd-c02d-4cea-95fb-2637a995a87d
test754,7570fe37-a79b-4193-9944-d3a4c4d90a8a
test755,5704319e-acba-40f1-8809-68d0afbb7f49
test756,36dfef17-987e-47fc-9686-a0f3bd150324
test757,a22e4b25-f946-4388-962c-b008eeb46e04
test758,714f594a-a821-47a5-9fe5-bcd00a446237
test759,73fa7e7b-0fdd-474a-9db0-eb4b5d064e96
test760,4fc31e20-d7ea-47bb-9c83-f94485602a32
test761,0ae84933-6c12-4d48-a182-9a17e934a6d8
test762,336e4ca3-1cf3-4967-8188-19c6fd0cd69d
test763,8b912e92-7c57-45a8-a7fb-f1c73814ae0b
test764,15848582-7f56-49af-aef2-5db8e1e2d0b7
test765,007a2dcd-6f47-442f-8faf-123193177dc7
test766,950ac7f5-dc83-45ec-a962-a5aac4c2a358
test767,7edd1195-c4f9-4fcd-a441-523128a171de
test768,99a87e99-828e-4c86-8af0-1f1ae424d53e
test769,1381928f-0351-4690-9233-99a97152cbe5
test770,8576f57c-787c-4a0c-affa-96ca8e687d12
test771,d483469a-724a-46ac-a0b2-d488465c7959
test772,53cd0ee1-4596-4ce3-b3f1-4800f2238fb6
test773,202e6ef4-b44e-4d7a-a368-7cd70fcf1c90
test774,ef175b64-98b8-4818-ac2d-59289774d3bc
test775,abc08fac-f081-4887-864e-2cf03dea3ef4
test776,c3a17e99-18a3-4813-bcbb-d3bcec4f9a11
test777,2646e8ee-5513-4a2d-ac79-5252946bbb37
test778,ab68ec44-d448-4932-932c-4571ffd11e34
test779,6e62b011-738d-424c-aceb-f0bb9ae15e76
test780,2aeaf4be-b51f-4e9b-aa67-e6f4008e9f90
test781,2622357c-1e26-4e07-8b64-73774af9b87c
test782,79f62837-1e71-48b7-9b7a-5cd7e6de2ad1
test783,e8cbc4c5-030e-46b7-9031-990acece22a8
test784,1f7e10d6-e2a9-422c-8466-0c5d8f361f3a
test785,f4ae6fa9-2ac2-456b-86fe-72b3ef3df914
test786,8a6335fa-aaa9-4f53-bef1-0250556e5f67
test787,2af49cab-4259-44a5-93a0-746020310b10
test788,c449820d-dc13-4e6e-b478-701ab2163bff
test789,6c6d738e-c9d6-412d-a2ed-9a10c3f23b00
test790,9765f5af-a49e-4f28-86bd-b8b7f0c60a30
test791,026616f2-0c78-482e-aa87-a5c8577c593d
test792,d54ca734-e963-4425-96b5-16494f6e800d
test793,8572b6bd-3c07-42f3-abad-648a1fc62689
test794,fdc625ae-2230-4a99-a45d-d45a37a3ab22
test795,8640762e-9f27-41f5-8b0d-1bfb0a189a1f
test796,8e9b2207-efd3-4f3f-9b87-1627d6f2b1cd
test797,116723a9-0baa-4e18-928e-f3a507594f93
test798,ee6476e4-6672-4c29-a8a7-3c63c7313b3a
test799,ba36c3ab-17d9-4a3b-872a-8b07f85f2eeb
test800,7c5d774d-2fd2-4a2e-98ab-d4644dcc910f
test801,1888f37b-38cb-4289-8fb3-8ecfc74145b6
test802,aa31a457-60ad-4802-b1c3-22abae157727
test803,c18e1f6f-afb1-4927-b2ac-6c05b6a3d60a
test804,95cea252-0b01-4a31-a936-3d1afd97abe2
test805,9da688e9-0d29-4623-8c14-1bfd85099ca5
test806,06339331-bf5d-4093-882e-bc7409652bf0
test807,ac242371-1d8a-43d6-a535-f148ed263c9e
test808,c33eb62e-6d36-46eb-828c-fde0f3651e9c
test809,09274771-9537-470a-957b-9515282ef565
test810,388368e6-f632-4ec8-b0b7-fc86e6aa7cfb
test811,5366358c-31f0-499e-983a-ff9c6c217b05
test812,37127166-bb7c-46de-9269-be9324bb6689
test813,f2027097-5e1d-457c-9788-8c9d6a210acf
test814,be4fa4ee-5f11-4067-a283-502fb6e5310b
test815,4957e79f-8a24-4411-9a05-2c024cbeacf9
test816,68c0da5f-e811-4a47-92db-5d32229028d0
test817,d1c6fa92-f6b5-49a7-9eaf-9a284448b6da
test818,83da3b96-9011-4103-800b-56a80988fea1
test819,248e4d69-cf1c-4943-95b2-b572271e71b2
test820,64d5dc2b-1768-42ca-ad44-296bf351f9fa
test821,91936ff0-2690-43f8-a937-e00f4bfd0041
test822,d679b360-467f-4310-aa1b-9865cd78cc56
test823,18365a90-8881-49c3-b933-7d2bda537998
test824,43f1dc24-5625-4d8c-8d5b-1749bbe029b3
test825,0e1ec1a9-27ef-4f65-b23b-7dedd88d27e1
test826,6e973882-05db-4a91-99d3-47c4e6120695
test827,a20d376a-aeb0-49d6-b04e-00fa6c671105
test828,f1c756e2-6d24-4e19-812a-028708919027
test829,aaaf2633-20ca-4439-96ab-0b5daa3ba777
test830,fbb0bbed-93d8-45e8-93a8-f6a03c24e049
test831,10689ff0-a4ba-4b74-ba9c-530f6c54aa8e
test832,dd207601-8c72-49b5-900f-e107302c53a0
test833,9a24f6fc-97cc-4ad8-ae4a-1981dc3b4721
test834,7e580a78-6560-483a-a362-5052eaefa3fe
test835,172c3a6e-1f65-4976-958a-1cd8bb0a6462
test836,b6d8b042-fe52-4d83-9bbd-02f413eeb0bf
test837,40ee7dea-2955-4705-87b0-a1cd81b8222b
test838,3334e98f-648e-45fd-b21e-d588a12cf9df
test839,bed4f35f-fe28-4e8d-825b-8b59576d972a
test840,97de607c-883a-4c08-b23a-47fb2b88ccef
test841,be11df3d-7677-4622-8b48-889761cfb2af
test842,45fd2d0b-e8b2-4914-9b4c-9393e9043032
test843,9f70580b-5133-4170-a222-559382546002
test844,fc365ee2-87d4-468e-b7e1-593c831e767d
test845,1b27e778-5bfa-44e9-8951-12e9df91d880
test846,8e82d988-c751-4418-a8b0-e1899a178bb2
test847,3ca3ed49-4965-4fc5-acca-ad66f48b27f6
test848,66f99822-fcfe-45e5-b460-eb50fe49f5df
test849,e35beab2-1659-4a2e-b1df-601bf105e7de
test850,62a531e8-a023-422c-8663-19da32778965
test851,a4a28c09-a054-454e-b810-4282ead22c91
test852,c651b3d6-1bcb-44fd-bdba-ebfe0117d3ad
test853,0c719de3-bdc2-4211-a8d9-eab4d524ad7c
test854,ab5bdb54-3614-4700-a2d1-4fbd24aa3052
test855,753abc01-a049-49cc-aa85-31d335dd10f8
test856,9a809bca-3a80-4ae0-8745-c40eeb06a4be
test857,23bbefa2-a11a-4931-9afb-f60c86dc7f50
test858,8aaff467-c243-4865-bcba-10107dab56aa
test859,29c90a1e-2c42-4523-a890-08fbb2525f10
test860,16d92598-9297-4489-89ab-91c6bb0dd2f9
test861,7c23e5dd-fef7-4065-9ad4-1534b80e44b2
test862,8dbe2ede-e406-4602-a634-18108ce9ebdf
test863,0042681d-e1ee-403b-b868-ba4a80ce1835
test864,76c3a617-1ec0-4015-97ea-5d8af6936652
test865,a2267000-5da5-4063-86c7-9ba193907846
test866,26bbe762-3ce5-45a5-b9a6-0c7f5d474527
test867,b02b80e6-3fb5-4b18-a71c-9bc218e13cf8
test868,5abb8c25-43db-46d5-8256-5a218376d46f
test869,53d54b14-8222-4bee-b90d-1b266e2c4036
test870,feea44f0-259b-4cb4-b0cd-38aa701b66e6
test871,02a11311-23ae-46bd-978d-5997a80d5471
test872,1851fa3c-daff-42bc-b294-19208806c283
test873,37d5d554-8422-4aff-bdaf-dda2579f6b34
test874,81a74c44-9e18-4835-82b9-45d74d304a91
test875,62515324-cba6-4e39-9771-f9bb92cbf998
test876,51286067-8a77-4fa6-889f-c9f73908d3cc
test877,a85ee8b7-bf0c-4869-918e-5f064a9b83cf
test878,485f00eb-1282-49fa-9ecf-f4958ec42f73
test879,277f390a-b320-4683-a050-cdf0ea866631
test880,34f91601-bfc0-4e01-b8c6-6d2ae7b37246
test881,6a3eb4eb-a5fb-497e-a75e-c80d03c6d290
test882,c293765d-4f2f-4f66-a0c7-d976068be1e4
test883,4f01e437-b050-4f83-9f89-70d7599ff9bb
test884,138ff9d2-6b8d-4553-abaa-1824c7b69d05
test885,c3d59a49-ecbe-492b-bca4-654bf9b86f68
test886,74dbf4b5-d2ac-4e4e-b2ad-14a7a2aa0070
test887,2a43ee0a-2b20-46ea-a14d-c18b4368c3fb
test888,9bcafe00-ebc3-4416-9b43-26397531acc2
test889,b919083e-9cd9-4f18-aabe-24f2f30147e6
test890,badf0979-d3ba-4e7b-a0e2-0bf165bd4e5f
test891,0043cbdb-d72b-4a32-90a0-da4186290f85
test892,209fd34d-377e-437e-b5da-75492eb81b10
test893,72924ca5-fb82-4d3d-8bda-0ce6472225c0
test894,615ea7f3-204d-4143-9b1b-26a25ad2f73b
test895,27941f45-4cc5-486e-8e5d-0e698e1eedd9
test896,93147533-730a-498a-b30e-a488095459be
test897,b95d779d-96a5-467d-a0fb-b8913390c024
test898,80293cae-298c-4dc7-ac5f-84d5276cdcb7
test899,915d1b20-98f1-464b-a031-dfd37777bc93
test900,0047ca50-0aeb-4608-82d1-44eb63818bec
test901,e92b304d-68e1-4bb6-84fa-d100e4b4c35b
test902,6a27ce74-f1d3-4948-950b-bca35481db84
test903,c659d4b5-b569-4bd3-809e-fa647c57b519
test904,81663eac-ecd5-42df-9c6a-1db90f315c46
test905,3c42911f-6689-44d5-9d81-88bf11eed632
test906,a0511474-67b4-451a-acd0-90b7ef7c1c99
test907,62d89fa5-f79a-486c-b1f8-32c14ad67264
test908,f3b65a4b-56b5-4048-ae74-5ec4f7c7c2ee
test909,787901f5-59a4-485f-aa10-0fff488daab7
test910,d9b590eb-20f2-43b4-96b2-aec7ed3c5960
test911,70bb6c00-5fa6-4695-8569-7986cfff7c4e
test912,e08f609f-bba7-4c5c-aedc-ddc53f1ece97
test913,0d3e0ec9-abed-4afd-befb-137fcad800bf
test914,5276aaf4-3c85-4461-8408-64759f14285a
test915,567a1d19-6961-4ddc-a5ee-d7876cd3d2f1
test916,705de346-7afe-447e-88e4-505e98806e47
test917,c891454d-42d4-4287-9d68-3bbcdf09b8b8
test918,ebc8c7de-ad99-4e06-8d81-5b1025ca45a5
test919,d51fe289-f354-4e96-815a-6b8e30457492
test920,4a9f62a4-7740-4427-b625-863c1eb03f49
test921,3a0910f9-c47b-4603-8f53-99e3f94dd450
test922,8df767a0-ae8f-4a8d-8f1c-56bfbd98dff7
test923,204b92ee-30be-4ed1-8a51-5d1f2c3cec95
test924,fce9e3c9-7527-4b8a-a487-9fe81ae152cd
test925,f3cc8a0e-2dbb-4429-848c-2b0bc9c6895d
test926,e55f3ddd-4efb-4b69-aa2d-e58d492edd84
test927,c32e07d4-688e-4106-994c-dec65194da07
test928,94e48c39-e1a1-4a97-8e49-4cb456bcf8b3
test929,309a6114-541d-4fe2-bfb6-532f658a469a
test930,1f744701-f9a4-4bb7-be5d-24df2fae2a4e
test931,e291755c-446a-4103-909a-1f686b1d7e2b
test932,834b3dfb-99d1-4dde-aafe-0250545e8b06
test933,a4c1a844-fee1-4344-8748-5175e5a1bcaf
test934,fab9ecf0-4c88-417e-85a9-73c5b8ae0264
test935,0ccfc718-b3ab-4a96-b75b-4d12209b3e9a
test936,efee2887-220d-44c9-be8c-3b85d657389d
test937,6628b770-5cfb-4786-a28e-bb324e0bec08
test938,5bcb14ce-6fd6-4e88-b760-31bf823a3891
test939,9dd5f796-4b5f-4576-8f86-88dad2c4366f
test940,0db27105-1cde-4ab8-8b2e-a995ccadca71
test941,494700da-9811-417a-9ca7-fb3970b82cf5
test942,7d564252-73f2-475f-8227-745872d080f4
test943,3e286925-8c46-4fe4-99e2-e03a4546beff
test944,298dc162-6103-4877-aa71-74bf4ad8741f
test945,542bee7f-187f-4fff-8887-c6eb598e3897
test946,981cad3d-3475-4edd-8ef7-c4313f63be06
test947,eedd424b-a1d6-458c-a00f-4f765fbff3a0
test948,3c8ce4b9-ad6e-4394-b139-7566b2c49a0f
test949,5975bb62-8353-48ee-a1f4-968d76673521
test950,6af45b5b-4f2a-4be3-951c-d9ebf758498e
test951,69a1c975-3c38-4026-ae7c-ae8178c346fa
test952,2ecf6292-e445-410d-95bb-6c62dcd29bd3
test953,005a4d3b-fd51-4f08-9a8b-27658810bfdd
test954,78c73e9a-4412-48a9-8936-4c78da8c3aff
test955,9bb1b95a-f448-494c-8671-b7f17dda0165
test956,60891a74-a7e3-4be2-8f82-3ff230d89c2b
test957,a2a20d28-2ef1-405e-8cbb-ec18cc4bf185
test958,739348bb-7f61-4a26-8d3a-5a4f774db5c8
test959,b3e1a08f-bf99-4917-8805-f96da27fd4d8
test960,6803da4f-06d6-4dfd-b76d-2fd4891c523a
test961,daabc4ce-b75c-4cbc-96c7-8ed537cf7164
test962,4b6a8914-887f-4c1f-b770-990a615d310f
test963,779838d6-ea6f-41f2-a126-d3282e235de5
test964,1599f93c-04df-4bfd-b5ae-1503415dc965
test965,ee667373-b873-4d86-9fc6-63b8e0437ac5
test966,6d7248e9-1209-484b-b175-b4e415f3c453
test967,84d0bf9d-74c4-422b-9b97-70dc4e28b338
test968,e1b9f50b-36f5-4e56-97cb-9c98c5ca3365
test969,24582d84-00c9-469c-89a5-e9fe7d47e233
test970,35e51dd7-fecd-4f17-9539-249e4bb96e88
test971,0b195539-5d44-4bc0-bceb-c0ccc8e6f032
test972,32ea082e-ef41-4e5b-809e-7a54de09b0fb
test973,f698f219-11a4-4bb6-bc22-407bd76b2903
test974,be100dd8-74d2-4985-b100-ea4631cf5f11
test975,3795504b-6051-4ef1-8c8e-724eadaabd06
test976,40c1c571-0e24-4997-8257-aa48313314e0
test977,edd589ee-0900-4ac2-add1-a2cd8a3681a6
test978,f0569e59-b34e-49ad-8263-496dcdc64533
test979,56fb9de5-2100-4f03-9fbb-ec52fab2d7e6
test980,cfebb014-982d-410b-8e77-a62afdd2b751
test981,22505a47-258c-44b6-bb19-e3e27b21d754
test982,a72df9e8-f2ae-4857-9d4e-8231d0a6946e
test983,e49616df-fe19-4aca-8f85-4979a6339ec0
test984,8f29dba9-7324-44c6-8bd5-a2c91aea3dda
test985,5ddc4555-29ab-4c68-8436-e237e099de79
test986,d81efef3-0593-4330-8601-8bbe45ead047
test987,5e46dbdd-201c-4069-b8d0-4f246b549b03
test988,ce4d7b55-e702-4660-8a9c-c6295ded5ebc
test989,e0e38289-9a74-4cde-9536-0b62f9011b74
test990,53c8601f-84cf-4020-ba12-caa7837fd9fc
test991,f67cae96-a137-4fd2-9d57-6d15fa300ef6
test992,134188dd-4af7-4ac6-9d49-66c453c5b28f
test993,0f63765f-66b3-409e-8ffe-cc5cdbaee91f
test994,43dcc1b1-7e6c-4c3e-a968-d0abadc931a7
test995,0c414ec1-8051-4d87-96a6-b00ca2d87416
test996,04ff520f-b063-41ef-87af-3d6dddce7a89
test997,01eb8d1b-dbe6-4278-a546-141c70ea8baf
test998,4120c993-afa5-41db-9b40-135cb29e4b4b
test999,4e2ece41-6203-420e-aa20-c3ed734f160a
test1000,f99720fa-3cde-4be8-9af5-a95c16da6bf2
test1001,39a119ff-0a42-434d-9397-c5e304f23050
test1002,b26e3f65-baeb-4430-942b-a629a749d154
test1003,1a73f106-e099-40ac-abf9-e2e9c08c8c98
test1004,e22ec47e-8130-4bbe-a695-e3de6d2c7849
test1005,b23d2671-78ac-4259-ae52-37e40bf8ff1b
test1006,b3b42827-b2e2-4d26-910b-f5562089efff
test1007,81d2841d-6616-42d8-bd3b-dd2e6a7c4e34
test1008,8afc38b4-c459-48c6-925d-3828f97d9993
test1009,ab0d579c-84c0-4c6f-aaaa-ab9bb62122d9
test1010,ccf4ddfa-5d62-41bb-8d1b-7e4e958f9f2f
test1011,96a3b878-1d2e-4feb-a7c3-079b08fe3990
test1012,ba4c3ca1-408b-4ebf-9170-45ce49fb9a58
test1013,38f2bf01-10ce-41c0-baa6-ca7c7688cc05
test1014,b8442776-4977-4b86-a4e7-8bde1504f130
test1015,d8d07aef-294a-4a8f-8b42-3bf656e51dc2
test1016,f67ee7ca-da2b-4555-bd44-31667045e3cc
test1017,1660bf80-e3d7-4090-a723-1c5a1a3a4ab1
test1018,2dce550c-db61-49d7-b64e-efd93f0154eb
test1019,abd9d0ee-ad87-4969-a13f-cd2f3ffa4372
test1020,10074a18-10d5-497f-86a3-e5c7c4703ea8
test1021,0760d853-5195-4174-83ce-8116563806a2
test1022,7dcf5d0c-b695-43f0-a885-b99d0815e3fd
test1023,68d03161-e6b7-4081-a713-8a21b2f7fa97
test1024,a96d038b-9d55-4a3a-94ad-49766406a829
test1025,a98f8c82-9771-4e88-8b2d-b11a26799548
test1026,3c9af0b3-d0ba-47e5-a816-f6fb0c43ad49
test1027,425ce04a-ca5f-4be9-8aea-ae57908d2043
test1028,364edd4c-11af-4e20-b1d3-7bac660215c8
test1029,e21e3648-838b-4e21-b095-ad0f9ae5c0ff
test1030,739496d7-26ae-428b-93db-640b63010069
test1031,7bb8449b-82b8-461b-83c6-e35d2860abf2
test1032,ba586592-df17-4360-aedb-0b9094d53d10
test1033,7ad3e1ef-88b6-4f7d-8733-425eb95b8f19
test1034,df37c99f-647f-4a12-9506-345cca3ab193
test1035,72b346b3-a6af-4b9b-b77e-3511480635f8
test1036,825087d2-68fa-418d-91e1-3408d364682f
test1037,900529a5-e679-40f3-a206-7cf3d7ac4f39
test1038,82120ddb-9d72-48b4-b11a-ba110f4e6970
test1039,44b0a720-d0e5-4854-bfb9-0f771a0c8468
test1040,9d0e27d3-71f4-4dcf-b453-17bace0832ab
test1041,c1a20bba-7910-4a1b-91e1-23ca3c9fa27a
test1042,b4c60b65-0600-43ff-80f1-2f61c90ded52
test1043,fca55c0e-b8b0-4c2b-bbf6-369921f11519
test1044,cb7dba0a-5bd8-4bee-b8f2-f2a9d08d59c6
test1045,9e2bcae1-5f69-4a77-8c6c-38b9faeb84e5
test1046,9109ae22-f6d3-4747-9bb7-6af599c06767
test1047,251fe8e9-e318-4f5c-8886-c2e63229a92a
test1048,f09ee3d6-49ac-4cbd-a1d6-6001ec348912
test1049,22b5bfe0-0028-4e16-8622-6807dd4059af
test1050,5ea53513-6fce-45a5-beeb-95b73c21b54a
test1051,dc3ab4bd-d7db-4b09-898e-169a5b1bc7a0
test1052,7b850a08-7faa-475e-8d69-8d7a86b220af
test1053,efe73b31-b4a3-4ab6-a253-8b43823ff2c8
test1054,557857f6-b003-4722-8c64-ed7cdd5dab8f
test1055,4aac6cc0-ab6a-4c8a-8908-dea302244e86
test1056,1159f741-b740-44e7-9269-72f06e2fffb4
test1057,49015d1d-07e7-47e3-9e21-1ee20f7e9c39
test1058,e1735507-bebb-4a77-9448-7719f91965b1
test1059,e5b95899-9bea-41fb-b2c1-049ba992fb1e
test1060,2f566cb1-6e11-44e2-aee8-109422484d4f
test1061,20d2e9cd-9bb1-4a91-9385-ba1f8f8528c7
test1062,3d9e184d-8f72-4feb-b814-be57896b8bf2
test1063,cb3eb5d9-ac34-4f85-a75b-b13177aaf5a5
test1064,08ccbf96-e4f2-4c26-ac4e-ab465c0d4701
test1065,d3be2bce-a776-4eb7-b14a-92a8e8d3f46a
test1066,0f114bff-dad8-4cce-939a-8a557cdd9fa9
test1067,30aa0e2b-1fd6-42e7-a64a-3fafa4a35519
test1068,271f7625-16ef-4299-9454-ff9885030699
test1069,3ec1c884-d55c-4f62-930f-e98482daf713
test1070,5ffa7180-8dd2-4d14-bdfc-9dc5ae6e467a
test1071,64fe9ab2-f90f-41b6-95d9-38ef5fa9b192
test1072,7fc7db38-2844-4241-8b09-80eff9234b4f
test1073,0a659d21-853f-44c7-8947-8ecabfffc935
test1074,069c076d-ac77-4a89-94b4-6b963f918ffb
test1075,9fd29329-86d7-4de3-9225-5165dfdba6ac
test1076,09509f5d-5064-493a-8ccf-8f4bb6da4894
test1077,43cc9680-5eae-48d4-ba3b-5793679cafa4
test1078,014c953f-5414-4223-a08e-d37d1d2c424b
test1079,fb51902a-c8d5-46f4-b11f-5ea6734e6375
test1080,cb596bb0-aaf5-4207-835c-ba398a086d09
test1081,6eab8c81-d0eb-46bf-8504-99b867fea23e
test1082,ba74cd09-e628-45f4-bcaa-dbe9289a250e
test1083,a53adf33-5368-4d81-828c-52f6b708306e
test1084,6f988011-50d2-4fc0-84bc-ee6479022b28
test1085,2c4b1b55-66ef-4107-ae94-a2d3ba675ee1
test1086,ee92a5c2-5269-4f34-9b7d-6ad6d8a94b5d
test1087,7ae0e0de-d59f-406e-b607-385b0206fb17
test1088,03d34f2d-d908-419f-b14d-b94ea590c515
test1089,52887d3e-0064-4f85-90ad-3603b40d662d
test1090,533970a9-17be-41ec-90cf-0008f79d5a20
test1091,e72961cc-9541-475c-9cfc-28b50437e18c
test1092,88e613da-dfda-4166-a5c0-7dace4ef1824
test1093,5ad4664a-61a9-41e7-9ee6-05f62d1a1296
test1094,d70df73d-1543-4cbf-b8bd-732b952cd754
test1095,af91f1c5-d0c6-49dd-b6ac-4a5b9c7eb8a6
test1096,6bc26b4a-a9be-4123-a01c-b1e91bd1647f
test1097,c233dd7a-ebd1-4135-a0ac-28ba90aa983e
test1098,dbc9944d-5848-4848-9db7-a65a18816ec2
test1099,2e274394-dc5c-4ce5-a62e-c7bd52b49932
test1100,8b6af494-a05e-4ed7-b7bc-134f8d581689
test1101,c53f13e8-63a5-49cd-8c3c-99d1ccd01724
test1102,cb3b4f95-7b52-42a0-8281-4586093a409c
test1103,898c800a-5ee4-48ef-b26b-c78c57a46ab1
test1104,ebf6e210-a698-4d70-b84f-eb4e691f925f
test1105,04254256-6e9e-4d5c-8dac-ad0ba4929f14
test1106,b645f178-3d19-4479-aa34-7e44b669288f
test1107,9ff9a7c6-c7f2-4870-9f1f-6de4270e6825
test1108,73939e07-347f-47a8-a1d5-3c768831fe12
test1109,42a483c0-8eec-4659-ade2-91a368e93bf3
test1110,badc244f-f188-4e59-813c-bb840e9709bd
test1111,9c38e526-acd1-4ff4-b0dd-ccfd24a5af6c
test1112,987f5a3b-df57-403e-80a7-0683ba100c07
test1113,dc12ac58-df72-4d77-b199-c12389c2fec8
test1114,740b8dc2-5fc1-4373-835a-5da8a1bc1625
test1115,d1a8ebf3-5a7d-4485-a50a-e8e46211caa8
test1116,1410b0c2-609d-420b-ad6e-7a1f70b0c201
test1117,4d59247c-8ec8-4195-9062-828e56000a23
test1118,49efdfc7-4217-4199-88a2-7580cd481df9
test1119,f53c5040-8fa7-4bcb-b2df-a6b32aee3433
test1120,4bac38b9-cdfd-4876-ad29-37c23f7a4867
test1121,ebf4c31d-9338-47af-a19f-5d4b1278993d
test1122,aaba00a9-b512-49d0-897c-7fb0cd1ecf5f
test1123,e57be3fc-68b5-4167-ae6a-d2d122cbec9e
test1124,38d02745-085b-48c3-a729-8333044aad22
test1125,36f6aa24-67c2-4d4a-9f88-9a59bcf30c7c
test1126,38b319a5-786f-4dff-90a5-1af602950c24
test1127,c7800bc2-b5bf-440f-b58c-0eba7e2cf746
test1128,8d0be571-62cb-49c4-8a17-86371371b4bb
test1129,1a021c40-f418-4cda-ab28-b8476430f2ad
test1130,e132b6a5-f41d-4938-9b2d-c5d514762ed1
test1131,78fa1d4e-0994-4ee6-8efa-d3c30389ece9
test1132,d502a65f-3c99-445d-83eb-82ddd4b39e19
test1133,cb5156b0-10a3-49a7-a35e-e76ff4df0ea1
test1134,57a7dc88-4742-4a24-ab79-952ccc0050bc
test1135,5a2bba38-67b3-4e89-ba3e-6a72234d82d2
test1136,4d6d0848-1342-4870-a3f5-11f4ea4af472
test1137,10b26f84-a37c-48b2-aedf-84f954a86a80
test1138,ce922880-9034-4c04-8a41-f4264ee7987a
test1139,e2ea225b-eb52-446a-8eb5-e1c824d8140d
test1140,0417acd7-d078-46a0-96d6-5a22fee24eea
test1141,e0832ecd-6274-4f14-a731-931ff2225980
test1142,088be404-0f81-41da-bb91-561c09518744
test1143,d6a3986d-985b-48d6-ae91-0d23dc7d312a
test1144,68e0cc5c-0023-4d71-8986-4e269c9c2358
test1145,ffbbe344-b10d-4458-b9b1-343ca6dd8357
test1146,263a24e1-fae7-4d23-9fcb-f7cf3fd839c6
test1147,4355b359-e06a-4742-98d8-7d13c485200e
test1148,9dbcdc4a-4d5b-4047-a34e-e1b7f60c8dc1
test1149,1fe344ec-167f-4457-9d8c-2519c759f404
test1150,945ddecd-2a5d-40b6-85a1-93964d8bb9dc
test1151,dc91bcc1-89d1-4b57-9461-79c6902b6f4d
test1152,05b41d93-e56f-44c2-a7cd-4491f33b15fc
test1153,8216461c-a0b4-410e-84c7-35050f0d1e63
test1154,f3c70626-3d09-4d40-b21d-20e149ed43c0
test1155,a080093d-5295-4730-aadc-f7692b9f7996
test1156,4fe23b52-64e2-47f4-b1f5-211c66a67ffe
test1157,6b07f48c-d04c-49ef-a13a-c32eb161e807
test1158,555ea82e-ce47-47d5-8d9c-87acdcf4941b
test1159,24dc54c9-f76e-4e62-86c9-9b1af603f5a7
test1160,b977e752-1f69-4df9-9c0d-d343533d935e
test1161,c2f94dd1-3d9b-4f35-ad8e-33c388b4b8f1
test1162,451bff73-63a9-4b29-8dcc-6256760c3190
test1163,d7f318f1-b4cb-4f36-9e7d-acd565717954
test1164,d5b76ee5-bfee-4566-b7b0-9dec1965e47b
test1165,52c71fc8-bda6-49ae-bd45-6e53b2577c81
test1166,a00c92bb-35f2-49de-81b4-b256bc12af27
test1167,7caae926-9fcc-40a9-8523-10f0a0f30b13
test1168,82fa578c-bc90-4a1b-b3cb-ec8fadf69ed7
test1169,b4dcdb81-412a-478a-93b1-56fdfd90b241
test1170,ee534d0b-2a1a-4f71-a2ab-9a5e515a0232
test1171,9876ced5-0e47-46a3-84b7-45920b8aa89c
test1172,f2abfbfd-9ca1-46ed-95a1-8a7d773e5019
test1173,923a751b-be95-4c9d-8afa-45da479976fa
test1174,56279c45-654d-4f49-b95e-1a5c57aac410
test1175,8d639ca6-0dc4-4eed-990b-5fb94628cc16
test1176,d24b1efb-61a7-41b1-a3c8-da4102fdb040
test1177,2176390e-860b-4da7-b41b-8532379f8992
test1178,8fd082da-50ec-4f58-93cd-c7e2cd3c806f
test1179,3610507a-9980-4c63-87c5-fa3c1db6fe4a
test1180,096e8a7a-745c-4920-9c2c-14b110676f84
test1181,69b8aa74-6963-4412-98e3-c6f5dec35c3d
test1182,eeadb80d-388b-41e5-864c-8979e7c0f968
test1183,2baf6799-7c6e-4fe6-815d-3e5a2b0f5d6b
test1184,e1baaaa9-fbae-4b1e-a009-7b17b925f95d
test1185,c5bd59c4-cf27-41b7-a1f6-a1f82f1d1b76
test1186,f030c251-a5f1-49ed-8584-4f4dfe587a19
test1187,45073d98-e131-4f89-a721-d043ed0223e4
test1188,b7ed2342-b8c0-40d5-aaf3-9a0ef8544542
test1189,b8d7bf7c-d498-4e12-accc-0a776ab4b347
test1190,9fdf0a38-3f1c-4e9f-8b72-cfc8ba9b191e
test1191,c6735f70-8b24-4576-ad33-d1360e5535ba
test1192,9cd66eb4-c5e7-4435-bbd0-8077c0859e87
test1193,f4ea184b-dca8-4e7f-86b0-cd5b9887e361
test1194,f353ff75-f53a-4c78-8765-3c919e930781
test1195,cae3ed4e-c653-461c-8088-d79499bdabf6
test1196,855972a7-20af-4250-91db-f419f7bc6cf8
test1197,37703d23-70ff-43ed-8bc0-08cd3b883f7b
test1198,933b277f-efb1-4581-ae02-0268c1bfd692
test1199,98d9f097-7b80-4d10-98e9-e782eee75a9f
test1200,9c6e1d4d-17d4-4c0c-96a1-b4688372ff92
test1201,5a747ccd-4cf7-4b92-b7f1-a57dce9b3e80
test1202,ce583f34-7e19-491c-8742-7e71ac12c630
test1203,b86cb49e-ff1f-452a-9df4-6f8d95735ebc
test1204,6b21010c-3f49-48be-9406-adea3e9457f6
test1205,b6987569-7aa0-481a-940b-d543b59c430f
test1206,6f815327-a03d-4cfd-9771-bb60aef20af8
test1207,6f472293-c15a-4169-9e1a-40d159f4a2ea
test1208,2a92eafd-8c34-4613-a53f-34c9b181f1fb
test1209,bf11f365-18bd-4ad2-9ba7-85748857a7c1
test1210,159fd8f4-f81e-46ba-962f-2a08cc3a1be6
test1211,3ea91b24-360f-4a0c-a7a1-8529c3f16ffb
test1212,5ef47cc3-74f0-4de7-acd7-4303fc0f8ffe
test1213,afa8c36d-f5c4-4b56-af36-e183858ec2c1
test1214,e0afc631-dff0-4872-b972-5bcfa739f7e5
test1215,8464d356-66cd-4467-b0a2-c4e211e8f120
test1216,1f90cb2c-b40a-4769-bfad-b2c58b87014e
test1217,29ba94c9-d2e2-472f-97fc-c46a9df7f72d
test1218,9bc5b26e-eb1b-4c1d-8380-ba8d83b173ca
test1219,a7e02713-f1da-4efc-990a-d2721f46c427
test1220,b2c1f336-a045-4326-a5f3-6e68b0a5f34f
test1221,6c37ccb6-3af6-4700-840f-3c51f23bbec8
test1222,4706e9cf-4a3c-46ed-b3f7-464a83d98335
test1223,2018fde4-fa30-4749-929b-cdb53d707b3d
test1224,47f8b6de-9697-4870-802f-b8904d9ab3cd
test1225,01a56233-3f92-4b9f-9a5b-f9fd20f9a975
test1226,1bac86ba-1722-4758-b7c6-4e60405c83ec
test1227,099a9672-4a7c-48dc-85ea-1b307bbd2ec4
test1228,4ab81448-762a-4b9c-883c-59f89f0afdee
test1229,351cbdbe-90fd-42b8-8aa0-d18a7fc17703
test1230,aa049416-80d1-4133-bb34-28891d588019
test1231,5489f127-d41e-4319-ad61-60d5aa7902b3
test1232,9b99e4ba-465c-47a4-ba47-e259df0ec361
test1233,5049878f-3634-4961-aa70-35defc1916c3
test1234,b8711ea6-e982-4672-b6d7-eb4af25f85f9
test1235,c19c1e97-382d-4748-b13d-77d485e4b103
test1236,d74770f4-d4bf-4ba4-92d5-e201c733fa2e
test1237,d66d8dbe-60e4-4d39-a234-ab69557caf6b
test1238,396952f1-dfa1-4c02-9f9c-2e4c737ae377
test1239,be1f9c0d-6270-4e56-ab8f-6fe81d3219ad
test1240,0a830d4e-861a-43b1-b8ba-23855d7a62bc
test1241,895e96e6-dd71-4f77-8d26-49adb656b4cb
test1242,04759547-05cf-4c44-9bc4-bb0cf1217c36
test1243,85f0afde-ea65-46de-b83d-85aea389bfaa
test1244,6d1fb838-2c67-4e8d-be21-e11bf256517b
test1245,71843db9-ebf3-447b-8056-2f00000ae5c6
test1246,a433a055-56de-4a9c-90e2-4e8395450b83
test1247,6382c1e2-cd3e-4ae3-aa01-1b81b9066191
test1248,9304ac8d-b9d3-4ec3-8c8a-042225b27bc4
test1249,e5dbcc08-2935-4862-b8a8-011ee8ec5b21
test1250,645698d0-1cd8-4fa6-b3e1-4d20b64771b9
test1251,00dcb3ab-6de0-4cd1-8a67-b4571fb97830
test1252,5f2eff33-c3c1-4f8b-a0c5-5e3c90e8bf60
test1253,5ef616c7-1eb5-4f0c-abd3-61f901489797
test1254,7ca32ab6-81f8-4384-bffb-82b5e8fefc92
test1255,50983fee-66e3-4235-bad1-ef2baba4cac0
test1256,eaac3b9b-27c8-4023-b7fa-e1a241cbef3e
test1257,89f85079-b1a6-4825-9362-6953a05983c3
test1258,35f4a4a1-92af-48cd-a1c1-d6c224b6b5e2
test1259,81e64ca0-6895-4cb3-aa74-8063dcc0ed1f
test1260,f2a3f98a-f8b0-4fee-8fa3-db0f9f9e9ad6
test1261,619beca0-68f1-40ae-86b4-23982a53844e
test1262,2c3710b6-5aa1-428d-8e18-0aa8b02ba53e
test1263,56894d4c-6af7-4fbd-ab5b-28bf31f9d598
test1264,744b79c7-cf79-4205-938e-2ed4561bd7b7
test1265,c82b7299-1930-417b-92fe-07807f5a80f0
test1266,0f6e4a9d-36a6-43f5-9338-703b9b922116
test1267,bbd79619-a3be-4281-8e61-b24ea52d5eb9
test1268,1bef3c0b-6355-4196-9bde-8c90ee6d0dc8
test1269,ab8a5a6b-2cb2-4636-aa46-73f6cb88e9bb
test1270,fbae201c-37ca-4416-89ad-a845379117b5
test1271,4bbcbb09-1554-4499-af3a-ece9a931d2b4
test1272,0defa2d5-caa9-40a4-9909-b2136d37c1ab
test1273,e52ce913-457a-4d59-9068-22c574ecc736
test1274,0e2369bb-474d-4045-8859-59626a4254b4
test1275,50b6e6ea-22d5-47f4-8269-a0aec5cc78d3
test1276,53bf7f8e-3d11-4baa-9bda-9cdde58b5bdd
test1277,6b1b06c2-7f40-4aa9-9413-ac847286c3c0
test1278,61091d06-19a4-4b95-b86e-e8c5bb34cf56
test1279,a9d8337f-fb12-4e7f-8a49-900336bb1d6f
test1280,a2e7b77e-4159-4b90-b46e-c9c785f4f4f0
test1281,35f31788-d96e-44ab-8bcb-fa51804c2ec6
test1282,efb272dc-9276-41f4-a676-3668fc6af453
test1283,f5c90a59-0c92-4f0b-9e07-6ea0f2ab9bfc
test1284,3704da1d-dc84-468b-8339-6b52df6d1f85
test1285,f5e4dd02-6e25-4097-a1e7-c6c8f9280e40
test1286,ea85f75b-8ca0-4b5c-b94e-58146a5bee8e
test1287,29c578ec-448c-46eb-8ea4-d61aef4266a2
test1288,1ac4b834-abc9-454b-9e01-a7167368b060
test1289,85b54975-d736-484d-a193-10c38df82601
test1290,3dfca9dc-cd32-4dae-a025-51dde9f0ef3a
test1291,9c998a55-e5ee-48da-93f6-4b78c51714dc
test1292,35ec0455-3f92-400e-92e0-ccddddc88a3d
test1293,2ebe59d9-a32a-48bb-97cd-995da28d0450
test1294,f0a31383-d570-4c9b-ae7f-cc77788a7eec
test1295,85a9a653-a55a-428d-ada6-2e4561b6e8aa
test1296,ce53e725-247c-4615-9544-92dddde768c0
test1297,98ebf265-bb3b-464f-a86a-60c191ad044e
test1298,8d1e63e7-5cd3-4c39-a936-d8f847fabb17
test1299,b5ece6f9-d824-4e96-bf31-b8b0069e5ed3
test1300,12e79a05-e859-49eb-85f1-4b993b92a61d
test1301,d6beba09-0f59-4dd7-8310-1832071261ab
test1302,58228651-3206-49a8-bf76-9e793b87b07b
test1303,37ed7294-7256-41f3-9bea-f42de542b1a7
test1304,cfa50680-ce31-470d-9afc-27e87b080beb
test1305,ab4cf15a-3826-476c-8d3c-a4e1c9683928
test1306,0c79430a-8be9-4c5d-bcbf-1f20d8eb94fa
test1307,7acad942-cdac-44e5-95f4-bd19c60b67df
test1308,34a4571a-c63d-4474-a6d0-67a03eff929e
test1309,d53d4b7c-25fa-45d0-a23c-920858539d62
test1310,ac005541-e991-4f84-a0e5-ec0cdc561c5f
test1311,d3366cc7-0499-4e7b-b94b-b3e53f55dbfb
test1312,83099bf3-08ec-4479-852b-9a67289f3a3a
test1313,5acfcb76-37e0-4ecc-8e34-93c37b679671
test1314,19ab8108-f146-4d05-b211-e1ad3e6bbe8e
test1315,d179960b-5740-4d66-93bb-3548476ec8b9
test1316,4a1258ba-f5de-4790-a31f-d5273485c7a4
test1317,a0d29e88-2b97-430e-a11c-f635682e32cd
test1318,7e7eb7e3-e584-419f-b7c0-dbf5d93e01a9
test1319,6b6e3ad9-247c-407d-96e5-60f10f9bd10f
test1320,4c0e2a77-29ec-4f68-a714-f0a98dc1922f
test1321,c0abf2e8-7092-4cfe-b8be-21714e268c03
test1322,f693256e-cbfb-40a6-a6c1-7af9045dc393
test1323,f9820949-e8d8-4385-8e3f-0545f9120d3a
test1324,77615aac-421e-4ee7-bbc3-bdd41ad952c9
test1325,2a54d280-12f9-4217-a2bb-0ea1cbc0d7ba
test1326,1b1a5694-aa90-43dd-813a-d47052c48574
test1327,49bade65-5198-48b8-bf12-a29956018e52
test1328,3f837a4a-5db3-4b7e-b93b-46118dc4e55d
test1329,ba58ff18-4ca6-4a36-bb85-c1fdb1636a80
test1330,bf5248e3-bf5a-4ee7-a9a2-309e78e7b596
test1331,c6ab1885-5daf-4f82-857d-5f7c4286eef6
test1332,d3fffdf9-4c1d-445e-b1de-00549df01ae3
test1333,28dacb7c-aa29-4c6d-9f64-c4010668c5e4
test1334,92938a6c-4da6-4ddf-96c6-c4196bacf73e
test1335,7382f3d3-0dc7-4302-a16f-087a86b5d97a
test1336,ae77d439-ff02-4f0c-9c63-0e4bcf3d7d92
test1337,6a8df411-9cc5-4ecc-9373-a165cd1ba064
test1338,fa4654bf-daf3-4e82-8dc6-6b02926e6feb
test1339,f6fce299-173d-43c2-8baf-04ed9a969527
test1340,809d03d3-a93d-4acb-9dd4-7231a3001dd0
test1341,64bb7a65-9871-42ac-8ea2-5c60cac0f19e
test1342,09ea9f76-4af7-4a82-b517-6113bcfc0b81
test1343,c26decaf-0022-4a32-b3d6-525026258d08
test1344,403a4121-d3db-4368-b28f-4fc711025a3e
test1345,18417e2d-a0d8-49f6-b3b4-edac908cfb57
test1346,740f45dc-eb98-4f6b-b481-fa1ea998d0e5
test1347,47bc00ad-633b-4c5c-bf52-8297b150dac4
test1348,86298db0-ea1f-44e6-be48-1defa97ead7e
test1349,9e8f1740-675a-44e6-a441-bad4c7a852c9
test1350,5e5c1221-def4-49ab-a021-626ed0f91e88
test1351,88635647-ea01-4f52-bc63-ad0b82fccf05
test1352,595bcbaf-847f-477f-b803-e66f0927741f
test1353,59ab31ff-5609-48ca-90b4-0f3fc032eabe
test1354,aa8be7a9-2b5b-4035-bb67-5086bf4a0153
test1355,6e72c36a-74a3-43e4-9120-732d6f0184ea
test1356,43d35db8-9ca5-4887-ad1c-7f5cee1fb836
test1357,be2d64b9-26ad-4b41-9a4d-9d85c23c1d01
test1358,5e6acff1-3950-4c46-8a17-c6d0b629748f
test1359,498b1784-6300-4105-9c71-f11b2c2a5908
test1360,54a9be6a-bc6f-4aab-ba42-c39f9d01fb29
test1361,0c43cd7f-e6c0-4076-b21e-ee8d62ccb88b
test1362,cada1981-f08b-44ba-ad4a-c6ab59a9b032
test1363,8fe57581-69ae-4d7a-9a14-bf0079368978
test1364,b1091a60-ebef-4110-8d76-cc2d6fd9ff22
test1365,dbacebf0-5173-4dd4-8d0f-e3e78dda0512
test1366,c9d27579-7bfa-4690-966d-105de1507619
test1367,004caf07-6bf6-493c-b29a-e50013daae72
test1368,cd33e8f0-826c-40c8-970e-2e5a652795b1
test1369,a1bf7878-51a8-46c0-95dc-2cf1ef55d34f
test1370,7e5c0b37-f9bb-42fb-863e-da6aa51a55b0
test1371,501d9c5c-acd5-4919-896a-db320dbd4ff4
test1372,317c8750-0760-4d2c-99b6-2ed372e05e1a
test1373,87644284-51f6-49c5-a914-c63d3c1f80a7
test1374,29959586-c624-429b-a3d4-89d95975f788
test1375,f44c7686-4efd-4e1c-85bb-7d19a17a66f5
test1376,334ad67d-7078-408b-8f6c-02c23f6da0d2
test1377,7718052e-fba8-47c4-a01b-6dc59c0c058d
test1378,05af7cf0-01bd-444a-9097-6fce71436c5c
test1379,74613320-96d2-4220-929d-0a246da2eca9
test1380,ef19cd88-a697-4bbf-bf82-049067aa06a9
test1381,f7eb45da-09bf-4ca3-a027-1e56fae7fe3d
test1382,b2f0ef98-da40-4910-ab42-8017f7db70fa
test1383,6075de62-506e-4032-8bef-1ab32db86450
test1384,397b18ad-36d4-4416-a79e-f1d0b4e8711b
test1385,43842c4c-feeb-4cf0-a945-8dcb316eb846
test1386,e7b2ff34-68a0-47ac-81e6-0e183909bba5
test1387,0c38f2e3-2b9e-4e22-bb68-9c229833640d
test1388,1112b3c1-8677-401e-87bc-21d28decbf59
test1389,721a5dae-f396-4c09-be53-a08ba2513454
test1390,7a64b794-86ff-4a3b-aee8-869afb09435d
test1391,acecb288-f5e2-49db-b291-cb5840801d54
test1392,89967f7d-ac00-4bcc-9828-c24eeaee9575
test1393,d17ad210-8eda-4a3f-8406-e9c7a83737d3
test1394,a9863742-ecb6-4b80-b300-2607f8908d92
test1395,b769882e-df71-4ef2-b3c6-2d5a13fee95b
test1396,36d4e210-5121-4381-8f87-0fc9339c2a3f
test1397,d706b8db-cb86-4b76-bbe4-1e0430ba51dc
test1398,fbafcfb5-6452-4948-b43a-b67fa7c4f5cc
test1399,ef195888-0c34-42f5-823b-8b62a200d422
test1400,0dab5d94-b6bf-4369-94cd-8f082b15104f
test1401,07b343b7-6f1e-41bd-ac48-99616e66eaec
test1402,a189189f-2a92-4465-adf8-4760d33ff7b9
test1403,abfcdeb0-b5c6-4ef3-baf4-e80205cf207d
test1404,4b0f27cc-c2f5-4dbb-8f47-4c3d43eefdbc
test1405,eb089068-8ed8-466d-b063-c92f3fbe47ed
test1406,2cd20dc3-6d6a-49ce-95ec-eba43211782a
test1407,48a40bf2-147b-4bc9-8eca-82c483a5dab1
test1408,8b08c6c0-3612-4354-9591-0b48b8309b03
test1409,83247623-7ba0-4a3c-b238-b4415f379a03
test1410,0d5b28ef-3c03-495b-b221-6db452bb127d
test1411,5a385841-2356-47a2-936b-c5d0e0b35a24
test1412,e7b2abac-a496-4e2e-ba9e-8ba75d584891
test1413,81b767d1-0915-47d1-899e-6c88543b06b4
test1414,600a7881-d4b8-4395-9bf1-0a10073560f5
test1415,457324f1-6911-433c-b159-481e671dd38a
test1416,c93dcdbe-5139-4038-80b6-bb8aab56e985
test1417,860649cd-f789-4d57-8540-8d722228aecd
test1418,03dabd05-5c1b-432f-ae0e-3368e8e84180
test1419,5ba40f17-4e19-4b64-96e8-c7a29cf9d831
test1420,c0ed3d32-dae4-4502-a471-f687838faf1d
test1421,67ea4a94-f005-4085-9a9f-b290c04ebca4
test1422,3ed88567-39ef-4396-af7c-3b9655b52b65
test1423,58ae5227-c98f-4137-9f42-1f0a6b54eecc
test1424,4a1ac93a-c0b6-45d5-94bf-3b796fdce348
test1425,efcfc4eb-3444-4bad-810c-f5fe8ff56c19
test1426,6c264139-dc2b-401b-a593-1cfb49ed6d64
test1427,ed071a45-9149-4895-bd65-4272802d0c54
test1428,a72f8c46-bb01-4898-bae2-6afd1889b0f0
test1429,2eb80efc-91b3-4043-b2b0-62130e5618ec
test1430,84fa5f90-62fe-4843-93ff-2ac371577fc2
test1431,21bcdfc7-25d0-4a5b-8621-38ac97782c6e
test1432,54ad9014-724b-411a-b071-7c1e3f57eb68
test1433,04385be0-0b78-4060-9687-79d19f9d3cde
test1434,d39e6bf6-2cc6-40ac-bbc2-d18e142e47c0
test1435,c469c575-5960-48d3-931d-1482fc1cd4e8
test1436,5a276620-7d4e-4c3e-8e55-bc9c677adf8e
test1437,b878912b-5068-43c2-8e5f-a1a2fced8720
test1438,df7020ef-8f17-4510-b430-4c0041206700
test1439,3e44eef2-7eeb-4de7-bbd2-f081bef69cbc
test1440,c645bce2-85f8-4377-9fce-035f009c1715
test1441,4c3627e2-5d0f-45ce-badc-a5d3fb5ce28d
test1442,bde28793-35bb-48e9-8df0-5fae8a508559
test1443,e511d9e5-4a16-408d-a68d-e9cd14d5bf1e
test1444,a8c4fc66-736c-4d2b-b06d-f38785d8277c
test1445,9dc2fa68-b1ac-4d0a-8f75-3057cff37733
test1446,097a12c2-9aac-4d30-8600-17fc83559695
test1447,f72dba50-9b3a-45ec-b970-1471347c9e1f
test1448,4773e5b5-82ff-4171-8119-2db09fc07738
test1449,3c022de9-6933-4c94-ad76-424d8cb0c2a5
test1450,59d1b163-7b1c-4fb7-91af-7955d639279e
test1451,1987d59f-3c65-4fcd-936f-7cb95aa34d56
test1452,5d362295-d33c-49ab-970d-8ec5f7580c85
test1453,9d6dfba8-364a-4019-88fe-aecf2d8594a2
test1454,c595f245-5f6e-4ba3-afa2-4851177ca795
test1455,76a0d8ec-4657-46b6-b355-1b174af61e19
test1456,3b05e71b-f2e1-427c-b3d6-680fca195263
test1457,71129ad9-f34c-44c7-8c01-9583a1562180
test1458,fb89160a-d63a-4e7f-8ed3-b637270fb35d
test1459,a99034f7-0186-414c-9ebf-d3ffb6142bc3
test1460,c3eb899c-d5e0-409c-9b58-bfd773f0e647
test1461,e1900d5a-114a-47bc-9946-d96fcffe08e9
test1462,1e832ea9-064e-4a74-898c-236e62595c0a
test1463,87027851-a01a-4278-b51d-6b582792db86
test1464,080a1d63-4760-410c-99c8-7c39323d64f4
test1465,761e05ef-3505-4773-b668-a098aa4b6165
test1466,ec6b340d-3ba8-4313-a36e-d447d63576c2
test1467,ad35a943-40f2-4cb8-92b7-83e285f6744d
test1468,789408c9-dbb9-481f-80b2-af93a9d428fe
test1469,9383b46f-59f5-49ad-9cd7-c8df7bfebf30
test1470,7d41253f-057d-4945-ac6e-afbb80f2dd8c
test1471,74fc9fe2-c19d-443f-8da4-962f66bda023
test1472,f7d1a41d-047c-4beb-acf3-c321ddff2282
test1473,681dae67-e945-4958-bdd6-64aaf8cc44dd
test1474,00161baa-1035-40d2-9ad4-f47edd52c58a
test1475,a9bd5fdc-de62-4345-83d3-ed983c56f7b2
test1476,061fd4e3-2f69-488e-8bbd-bc38e27a9a85
test1477,f9dcbcad-dfd5-4af1-9f7d-34cbd360a343
test1478,900f67f3-8c6c-4b0c-8d3d-f9043d8dfc1e
test1479,a9747179-673a-451b-9204-9ebc88248a48
test1480,94eb9ce4-0b77-42d3-9a98-6ea9d076fa83
test1481,d646be6f-1b38-4be7-aeb7-1f3216582d40
test1482,0a68abe7-56f3-470f-8f99-dfe3244c3c82
test1483,c0af3d53-74d1-4179-8ece-80ffa9806de8
test1484,9bbbc396-cdcf-4ab3-b15e-b9c728989ba9
test1485,6c747c33-03b4-4775-ae43-b0e0f643dcbc
test1486,7c6df5fc-ebcd-4522-ae2c-531e2fae6f44
test1487,ad92663f-3b89-468c-ae9a-2e94b6b542ee
test1488,ac26655b-e8d1-4a39-bc3d-c296bbf78d3b
test1489,0412884c-cf44-487f-9eb5-8ba331aa5b88
test1490,5281d7e9-dd33-42b6-a58f-41d21246fe3a
test1491,6cd321f0-de76-403b-b4a4-f8867603c2ba
test1492,c5d88f0f-3d0f-4e3a-8db7-2d9ac42163ac
test1493,db601247-e899-49ea-b474-ed102a04137a
test1494,a11983d1-1492-417f-96af-94cc8d1a165c
test1495,a4bd92c9-a063-4630-83ff-e24e979d44ee
test1496,d491de72-3b4e-4c6f-93a4-59cc8517f8dd
test1497,ef35c7c7-f515-47ec-94bc-204c0ac02f63
test1498,a7c0e284-0d88-492f-8dcb-ec81bca6f506
test1499,942f246c-8fcc-421d-808f-9e63ccab4eb0
test1500,052612e3-7f88-436a-ab2c-97394e4d3f10
test1501,dcf9a660-2fd0-44e3-9f9c-fa0d5e3faf4c
test1502,f113b458-6bea-4a47-a277-5aec64d83539
test1503,eb9ce273-14e3-4db4-950f-8358ac491984
test1504,c17cabec-a3ec-41ed-9bd0-64c099ab0afd
test1505,eea9e0da-f093-4921-b8f7-5372ffd76882
test1506,76c5a110-3ec1-4b89-999e-18ce97121431
test1507,e30bd6ec-fb8b-47ed-800c-89fcf4861c2a
test1508,af928530-c6dc-4f17-a260-a876418fd5a0
test1509,8dd6ab75-02e0-4836-a385-830ab4d217eb
test1510,139b5d5f-6448-4188-a47a-46d9162cbcfc
test1511,bc175cfc-a060-41f9-8be7-43ffc766990e
test1512,f0766f1e-09ef-49f1-b004-e93350c98e30
test1513,17a5229a-69e8-4c3a-9bd2-d7b41f6e652d
test1514,fe6eba7b-5cf0-49d6-a49c-a13c476f9276
test1515,3eef813f-12ae-487f-8ad5-db9ad7e123c5
test1516,994dc604-c4ed-4ad9-bc36-89c0ef9d62bc
test1517,4cce1b84-7393-4092-813c-11b962dbf221
test1518,992ec64a-325d-4746-8de9-3f156b9b7d2e
test1519,23555e5e-9c75-408b-82e0-07c3cae22c11
test1520,e34e0ff5-eed6-454b-bac4-002aa3c584ff
test1521,3b9f0460-b77c-49b3-85f7-dba912406312
test1522,44dce39e-e066-48da-8699-49456ee230c0
test1523,fda06b54-076c-4bbf-99e5-0759064a8cfb
test1524,9fc691fd-42dc-4f81-b1d1-16bcb66dfadc
test1525,33f8ba5d-28f3-4160-a30b-4a8b60b66545
test1526,c28de50b-c719-43bc-ad39-b32f2eeb7516
test1527,c7bce1ed-3dfb-4545-aa96-9ee4baea0a75
test1528,a114f137-8f64-4a79-b3d3-1b1f2b366409
test1529,f44e6738-cff9-42ea-9c52-4dbe8f4bbf57
test1530,266d26d0-19b6-4ee9-9aa8-f7d89ed0761b
test1531,3b2810fa-aa3f-40f6-ac78-0b52938cec05
test1532,aeacc62c-ce09-4dcf-af95-231bd333c861
test1533,afab56b3-1948-4ee4-897d-3131630155e2
test1534,11b8a452-a1af-4de3-801c-d2ec21210856
test1535,82f5b7b2-b90a-4844-b4e4-0435a3eb790a
test1536,99163c0c-1b9a-4ffa-b335-3f80fcef5b6f
test1537,bbabd48b-0f49-48dd-9a0e-16555fcd35ed
test1538,75c01bb6-3daf-4711-931c-f82848dff2f3
test1539,76cc65d8-51e1-4260-8809-b2103db78afc
test1540,eceea43b-b717-4465-b625-b7b339664e98
test1541,a17f0560-1e1c-4293-835e-68583099a4af
test1542,70ec1d01-2c90-4335-8b86-d3ac3a823ec1
test1543,c0e6cb03-73fd-4716-95e6-a424c6920f4a
test1544,c1e418b8-71b8-40e2-9b2c-4562c507927d
test1545,95ecbf0a-0f94-4322-8b97-5d26b742221d
test1546,62b52e5b-1863-417d-a589-3cae0af47a8c
test1547,bc141cac-114b-4af4-b453-d43eab169c38
test1548,a2bc0dce-94e6-49fe-bf64-4ed7bfb9a605
test1549,904b67f4-4938-45b5-80b9-6cab769b77bf
test1550,e5a9dcde-6f6c-44b6-8aa9-3313b5930a78
test1551,00b86162-456c-421f-92f7-9512dfcdf055
test1552,164ef1a5-b840-4cb0-bd3b-1d79c3d36394
test1553,4d89c5d8-8643-4a2a-a398-c8de1c69bf5d
test1554,7a6bdb80-fc23-4d19-b4c0-9b7087336cb8
test1555,6bc8dbc1-c8b5-4873-9d51-9894323885f5
test1556,7f85c325-a198-46e4-b775-1bea5c23c2ef
test1557,ed26e581-94a5-4a41-a4da-d9103c6570f0
test1558,17b01d8c-8b35-4336-affa-f3edf31a853f
test1559,54d05695-0631-4f50-a2b2-dcdbb5c9113b
test1560,de61b0a7-7ef4-4364-a127-0c4fcae8a551
test1561,ff38ebf7-4301-4dba-a2fb-b8fe9a3d6762
test1562,b341ef32-cd81-4f7b-a0d7-118eca03ebd4
test1563,ffee86b1-f39a-4bb4-b140-b10773e91932
test1564,e9f7a905-6d8e-45a2-89bc-453af1d8a826
test1565,a668f1a5-a2ad-40fa-b84b-a82ae493f09e
test1566,24fe0eb5-cc1c-46d9-ab2c-db5c291d2e1b
test1567,b7d66104-b564-410b-9ff3-aaaa7bf37572
test1568,486f027a-aed4-4cd5-9bf2-ebbb121ce4f9
test1569,b0f2dff3-2eb6-47aa-89ec-8df988fdd26c
test1570,49d7c89a-d64e-4004-9720-000244092302
test1571,2dcf7859-5bb3-4b36-a199-9f3a0237ddd1
test1572,e00306d5-1069-45fd-b4dc-29172a4fba0d
test1573,c4a747d5-87d9-40ce-a4d8-6d1572045996
test1574,41d30f85-c593-46d8-9231-b53865df2c26
test1575,b8b25253-6360-4759-81d4-9f0587f86fa2
test1576,8d059587-9122-4f42-a4df-6b9ce282a121
test1577,beed3bcd-5e8b-41e2-9bd7-e39421265bde
test1578,ea0b9812-309c-4a4a-bb2e-6daccf29879c
test1579,5af0c519-cbf8-4ce4-a319-f12b236f41fe
test1580,66d8bd02-ba0a-4828-bcb7-9928a53bede4
test1581,65bc2ce7-a7f2-4f6f-ba8b-9d6770d44942
test1582,f3aef059-814b-418b-843c-93ba16e78fac
test1583,6d8b523d-b8bd-4a51-b0b1-071f4ec6e19f
test1584,2ef456ec-a55f-462c-9373-50c941729896
test1585,15a1c024-40ea-4c9a-b067-d487a9743709
test1586,73fe9d78-b8ba-4cb7-99d5-44994c8a11f6
test1587,501a7c4f-1ca4-4e2b-8aba-8025121ee8c7
test1588,cce498a8-8b93-4237-9a73-1c06b1930f52
test1589,f9bcaee0-e301-4e36-93b2-c770d860e21f
test1590,125033b7-0435-46ab-aac3-0b63b4f98c84
test1591,3bc823b0-4155-40c8-a625-1c64398a7caf
test1592,3a4ab8b8-f84c-416c-9b6f-b34ef77ffa88
test1593,bdc498a6-097c-47d1-9c86-365a61e6be41
test1594,3b0e6dc2-993b-4875-ae27-98870490834f
test1595,d353e20f-8b2e-4b45-b0b7-b6eb9e11e207
test1596,36d87f6e-8165-4dd8-8e71-2e0e188c062a
test1597,d400e5ff-9750-463c-bad5-d9b81547016f
test1598,1eb64a79-1582-48db-8976-7a212b1cc1a7
test1599,2b106227-1741-483d-990b-444cc6b00007
test1600,a756ea74-e5eb-4181-9cd7-43e3a880b0f4
test1601,f14e98b5-7e2a-4a10-a061-de8350b8a72f
test1602,33da28d0-a1f0-418e-b979-ddb0a6e0a511
test1603,3ee4b823-e351-48c1-ab8d-c82cd356ef80
test1604,c6a1bcad-f221-4446-b354-817d7d9a0e7a
test1605,961f3007-6568-4fb7-a7c2-5ebf50648423
test1606,2120db48-a2a3-4e68-994a-40bbdd93700c
test1607,954ac247-08da-4d07-817f-5368fee77d8e
test1608,7ca91fe4-907d-4d2d-89ef-859ff1899a4a
test1609,d1777c56-c61d-4966-ad62-ddcb5768475f
test1610,0f42c67f-e8ea-4155-a85c-30d0cc608846
test1611,b0527942-f806-475a-95f6-f82f733bbf40
test1612,05713ad4-54a9-457e-ad01-3cc6c773fbd0
test1613,58f079c8-1512-4b9c-8982-befacbd58816
test1614,a70dfa4d-ac4a-4251-b673-0373f3e5c6be
test1615,109f52ba-5db9-47c3-a3dc-cbb1b01c93e1
test1616,0611cc07-7a83-4c46-923a-13f5e2f0cf59
test1617,11b62b5b-54c0-43a1-ba35-c2e7d9b2d212
test1618,04654b00-497b-4308-87a6-91691436c252
test1619,8b66968d-ae86-43f9-a5ed-d7c4c14b3041
test1620,28b5c507-9f1d-44b4-9d9b-3a27dd0d78c8
test1621,318a75f0-7e57-4677-a862-7e1717f9aa77
test1622,c33d6e23-c868-408d-9f62-efeff9d7163a
test1623,7d74ba47-2ab8-4700-b0bc-1b1a097cae90
test1624,259de462-a9be-4acf-ae7b-dae53c4bdf78
test1625,4fc1f5cd-95ba-44d2-a6c4-d85aef959d53
test1626,14a20f65-a633-45b8-8868-275186c5b1ee
test1627,0527bc4b-d14a-450d-96ae-82729d559049
test1628,1f1d4c09-f1df-440c-b084-4e83749d46ce
test1629,8b44df11-0781-498a-88ec-8077c86a467e
test1630,e0afef09-6b2f-4991-becc-f464936e1a02
test1631,de717a33-32f0-4a2b-b8fd-de59f4734da2
test1632,e29c1f7d-1430-4747-a5b4-5f7b4c6d0eef
test1633,a890d39c-3bf6-4106-ad3c-6a95304e5b43
test1634,ed98fb78-40e4-486c-98f6-7c72d1b4bc5f
test1635,84db0fe4-830c-4f11-9db5-e3e66966dc0f
test1636,b6981c58-4b91-408a-b65f-7e78e697802d
test1637,bfb6bcf0-b218-482c-aaec-45f1ca08b65a
test1638,e6a2675b-0f0f-4011-8ea3-09f8baef327c
test1639,397f2cd7-11ba-49c0-aab7-1e00cbb03c54
test1640,d89f34a6-aa19-4444-b92b-fc7d096d9a9d
test1641,605ba784-119c-4c44-a707-fd5304595ead
test1642,1228c9d1-a29f-4389-86e4-c2d7cee88ff1
test1643,0d0b7019-6fc5-4e5a-b2bb-f2a508cb009a
test1644,44562795-2113-434b-8b11-46b764b2d657
test1645,8db79c0d-7be7-4063-966d-2acf3ff09367
test1646,7296303e-d9b9-4b09-be1c-6969cfdfa808
test1647,d1c2c37d-43af-47b4-9f48-91c19c20d81c
test1648,ab741cf9-27fc-4647-9161-1e6ccc9ff7e8
test1649,a4987c3c-dc15-41ca-a2d1-943ece73d8d7
test1650,996f4323-11b6-4d74-b604-0ff11a875faf
test1651,047db485-d5ad-4d28-a9bd-f4f8261119df
test1652,2fc63d26-ee86-4bf7-91bd-d69970e2d06e
test1653,df5ed770-40f6-4dc5-b8bb-a80e277ef99a
test1654,59495698-a320-4601-baa9-d3fa3605ec5b
test1655,eda4cc7e-b4a9-4324-bc4a-da0738f04aec
test1656,142b519f-3399-48d0-bc1a-8ab1529a11e2
test1657,8dffc7e0-550c-478b-8285-f2c7219c1a95
test1658,38ce86d2-1ab9-4279-ab6a-9c1bbef4265d
test1659,f738ee54-a43f-40f1-96f5-bb1d5105b0a8
test1660,38975219-224d-4c7b-bdc5-56fbe85c0e0d
test1661,9703ceb5-048f-4492-8860-98dfa74fbf37
test1662,7abbd542-4174-4c94-affd-ce960a64d317
test1663,2eccac99-60c1-4741-a298-cac0d48ccfad
test1664,38120e54-54f1-44b2-875a-981e4f328baf
test1665,8087a79e-6d69-41ec-b54e-d44c430ed594
test1666,24e340c9-247a-41f1-9769-0b69a9d6e8b0
test1667,4385a740-2234-46ed-88e0-e7b5a5b5ffb3
test1668,20b8b947-de07-4bf8-aacc-214f6097854f
test1669,f53c2b56-7b3a-4513-8927-6e634f42bdbe
test1670,662bdd7c-e726-4f31-ad0c-e6375f42dda4
test1671,b41fe390-8450-497e-b04e-a06d83a3ef08
test1672,0eb98f27-b946-4bac-9963-779f967cfe36
test1673,1568229f-a055-4ec1-b597-3573864857f5
test1674,378ef088-590a-4ca6-8394-a1a67512efcb
test1675,3bea23cb-2484-4ae5-8d37-2576c76e3113
test1676,d55868b9-ff97-40fe-87b7-08f8d646c41e
test1677,49e22235-24c2-4b36-951d-7cac3c730a20
test1678,d2180c9f-d5e8-4125-9708-e98f0b256f4b
test1679,18c74705-21f0-48fd-8bc6-46726c22c462
test1680,1cef5382-c419-4e3c-a9b9-6a33cace3c06
test1681,15186932-9c3a-478a-a00c-8fc9ae07d014
test1682,f2ed257e-deba-4777-86bf-89a47fcd0af4
test1683,2b2ea0ba-5969-433f-8df7-6d152bbe9dce
test1684,36e83448-b81e-49ff-92a9-91dfe3602fb8
test1685,f60ab26a-f72e-4f6e-b48c-31fd853f3d2c
test1686,df42b30e-15ac-4bde-9966-2def8dd1158d
test1687,ac294c91-0879-423d-879d-96a4e635351f
test1688,fcc35968-b12c-43b5-bb1e-0b2423be8e7c
test1689,3f4f153b-b3c1-40f3-9698-16a6e7488da2
test1690,c861c293-d91c-4d42-8bfd-13bd916cd48c
test1691,e75892d4-e05c-424e-b05b-497cf1700cc6
test1692,a0151783-7bfd-4304-9c04-384d921a4377
test1693,c10ddf4e-64ca-41cc-8d00-5b47fc44ab45
test1694,eaa81471-4ea1-4670-bdd9-cd6bfa4cc5bd
test1695,5cee3a24-4305-4d06-8fad-951b584b3a22
test1696,f78561fc-8b7f-4391-b597-867c411ff433
test1697,2b046ad9-e6d3-4a8b-b266-ff4589493cf0
test1698,7c893806-c801-4803-a0a1-f59b5b95eb50
test1699,68b1e9d8-f717-44db-96de-0b348f94f4d1
test1700,8fd067d1-7bd5-439f-a76c-acfd33e9d2de
test1701,bb82f9c4-9f1d-415f-9e43-62eb7660a951
test1702,f489a31e-5f3a-405a-8553-ea487cdc18dd
test1703,8afc779d-bfed-4a96-a811-b73e24101a91
test1704,2cc52c43-ab54-4b0c-8067-e0c0520864aa
test1705,6b6e9356-b49a-40c9-89e2-b92cf0862983
test1706,8a43cc76-e77a-473d-a63e-8945f92c37cb
test1707,39bf4ebd-ad93-40f6-9e3b-17160b76bc24
test1708,d44721d6-ae87-4e2a-90c4-147ace8149e2
test1709,6a40dac6-3ef2-45d3-8862-8eb7f0aecbe9
test1710,156544d6-d027-498e-9a08-e89da60593af
test1711,cc7bc0a7-11cb-4912-8126-1b15b571aad3
test1712,8950be26-8f2c-4af6-b910-31e505ce0c2b
test1713,0e05e74f-027f-4843-bfb6-33c322be80e5
test1714,27b0d23e-6bd9-4da1-bea8-0e5e89582510
test1715,79496328-6f09-4b00-be6e-1a3bc5a2f9eb
test1716,0eeb1e13-af35-4d30-842f-4cafd9d9e86e
test1717,155e2330-e350-4449-ada6-4327368e25cd
test1718,01fa8cb0-935b-45b1-876b-b13d0f8ddd17
test1719,edd26ad4-4677-422e-9085-cfd4079d90d5
test1720,54379ab9-f8c8-42c7-b256-e684cd0594f7
test1721,e47f2322-512a-442e-aece-173745ec8cb7
test1722,8b2df202-83ae-40ed-91f1-eab0997debb6
test1723,2857022d-61f2-41fd-aab1-512a0de8b031
test1724,3e695dcc-a640-4c2b-8f11-23c58a260a35
test1725,8f3380c9-3c83-4b7a-989d-43e2299b8991
test1726,1d480453-4d06-4ca7-8a30-f6ddc67809b0
test1727,08a9a6f6-820b-491c-860b-0fb28cff8087
test1728,83c805ba-e42a-4bf6-853d-035af78456b1
test1729,ddd5b094-0086-401c-9355-0e9a654ff800
test1730,905b6286-b6cb-4819-a86e-e8f75841c612
test1731,c62f8045-0708-4f1a-8b80-c648175396fd
test1732,a9b13a2b-8449-4b76-b20d-9f352fdd5db1
test1733,9e57e593-5012-460f-bd10-ed7b05b3c994
test1734,e38d6263-fc99-4752-b049-6b7ed10dcfa2
test1735,2ce6bcbe-f4e0-4cbb-89d3-81ee62467fa0
test1736,24944755-4a93-4c8f-b607-60f44c60a802
test1737,f23de0c4-23bb-45f7-97b7-fc40c8630cc2
test1738,5e192cbe-8341-42b5-8eb1-76e2e78839ac
test1739,bf5aea8e-7b43-4783-8b97-8f8829314db6
test1740,c5f3b5a1-4d32-4d82-8d06-3b24d9b22b76
test1741,aca1d053-9ac7-4942-be0b-7c7244f3f62d
test1742,564bd13a-e2c6-459b-81ea-0a103bd1cdc4
test1743,95b04f95-9890-4804-8837-7d28d05e1e9f
test1744,9768e72a-3284-4307-a038-eab089ed1488
test1745,9f2f2c51-e832-4740-a19e-456318e7f1c4
test1746,e5856924-1e62-4c93-8a8d-ea5c657950fa
test1747,ee9e4744-fbdd-4a69-a5f0-10586e0fa8c2
test1748,bf9eaf8d-b51b-484d-9a1f-27f5df9c92b4
test1749,c928895c-39ac-47bb-8ed9-496e0db9a11e
test1750,473f2bd9-057f-47b7-8087-545c3888cced
test1751,70709ab6-04f4-41b6-97d3-43ea1976c00a
test1752,9655ee8f-55be-4f52-bc93-e4f0dec19ef9
test1753,2d6278c4-8d96-438c-b9f6-08fad5d6f0ae
test1754,ed00864b-34be-49ab-9f17-be172478dd5b
test1755,e703d879-8050-4551-93c7-3bd1cdbae86a
test1756,8561291c-8966-4516-b6bc-8824a1d0c805
test1757,40445f9b-6809-4cab-9806-0dc1eda11944
test1758,2c693c18-7ff3-40aa-b8d2-8c2c1238f991
test1759,70ccb18d-4a24-4a41-a283-4579a1f9d6f4
test1760,4faa2612-d442-4435-b31b-279144b2ff93
test1761,d0cc5141-a2cf-4440-bbeb-63dfde6fb051
test1762,70297eb1-0327-4040-a5a0-d04e972aba50
test1763,9bd05418-a454-4da6-8396-ce28534100fa
test1764,ea2b866c-2bb5-4152-b980-ba5d6bc35b74
test1765,f88bece2-5368-4e2b-ba5d-19256a8aad88
test1766,c107021f-5a95-490f-99be-fdb06926299b
test1767,bcabc34f-ee7a-4df9-ac62-5fe55c9622ba
test1768,c7f55b3b-7553-47e3-b713-5fa163d4e8c1
test1769,8ea62e6d-2207-408f-9be7-b02d482f773c
test1770,8ade1fd3-3fae-4844-afbd-a6d0e07507f3
test1771,bf8c3018-a0e3-447f-9e1a-955deaefce1e
test1772,992ccaf3-dde7-4ce0-a24e-8cd21e2a70c5
test1773,24d65376-ac92-41d8-94e8-9fbc5e90eb14
test1774,7d9bea14-c515-4c1b-a480-3628c4d71882
test1775,dc3557d7-9f90-437f-9aca-1b589239f303
test1776,9a079b94-fd70-42c7-81ff-4e5b047d4205
test1777,7a67ae9b-13a6-45ba-bc95-c7de3fd36a8d
test1778,f03f4a7f-8ca4-4f02-8040-aa45257f6db0
test1779,d2fed6fc-9136-49b1-a14e-a8276b53648d
test1780,0fd3da1f-5d20-4a82-9049-83d22bfa0102
test1781,ca3a81d4-1d91-43b3-a2f4-ee50e610e1c0
test1782,18e21515-4b66-46e3-ae8a-4bc63412aca7
test1783,07d28cbf-0f3f-4f6f-9a57-f2a3ee106809
test1784,ffee71e9-8d5c-42a6-89a3-0e5ad5416c20
test1785,81c5d939-4156-4187-8ee1-3cabc057d002
test1786,01ac2d6a-859b-44fc-8d3d-6ab7f9ab5b43
test1787,e92eed8f-15c7-421b-846c-ae27b0393fe0
test1788,b2cebe3a-cdbf-4f91-88d6-19a222692440
test1789,d3106ac3-03ad-4d39-a50c-b2d122a95ac5
test1790,e0db9461-69b8-49e2-a68f-16dc7dda2dee
test1791,b6275ebf-919f-4e4e-8de5-87132589af10
test1792,a1fa2fcb-d817-47e8-9a00-4b113ff87c7f
test1793,01b96279-bf00-4a04-83f7-a229dffa4b4c
test1794,23c38b00-9164-4a16-9907-db57d5a048ec
test1795,8a6391dc-f14d-4534-b2f0-1a5642af8db9
test1796,ae0ede8d-7367-47ee-9695-ff918deb41ac
test1797,afef4c9b-fe6f-44c8-a4fa-3114813624ad
test1798,ddc7a9d6-aa7c-4abe-b983-763ede759092
test1799,8b1dde44-0b0b-4bb7-888e-ee78e34f4730
test1800,4aba2554-27e4-4338-b55b-868487b482e1
test1801,f778e43b-7ece-4182-9641-c92ddd39219c
test1802,ec63f77a-8910-47f9-9632-96881e44f2ea
test1803,a0249b6a-4ac4-4fd6-8d95-6eb212026d24
test1804,28c241c5-7ff8-4d3e-ae6c-59569b375cd2
test1805,06aef1d1-c8a2-4734-b2ca-94d21cd64886
test1806,0225089e-d764-404d-bb98-8fedd969ad45
test1807,88db7850-351b-49c7-a3ae-e57c11523c50
test1808,59fde42a-6b42-4f50-8537-583e05cdc241
test1809,777c233e-f028-46d2-9c6a-fc678cd17278
test1810,61ad1431-35f1-43b8-9b90-1a2200ba9d37
test1811,3739dbb9-3164-4c4d-8d57-773245bf2936
test1812,7a58d492-2a94-435a-ac7e-019e9c414c27
test1813,3b64e9c5-684f-42a9-8ec8-1deb6be55253
test1814,f9b21422-f561-46d9-a943-0bfc5b7b8585
test1815,55c83390-aba8-48ce-9de0-192e65bd6a6b
test1816,cad280c5-ddf3-4215-9857-ad8765d6f900
test1817,797a4d83-7fb9-4fc3-a65f-464446bf82cc
test1818,41ffd82c-0c97-4db7-ac34-0cfb9268577c
test1819,09a85bfd-f8a5-40a6-a170-90f1cbb37fef
test1820,8b80a191-dd9b-4b07-9b2d-c7e9903f02d2
test1821,4068cec9-6dbe-4ac9-897e-6ddf7f018cbc
test1822,af702541-14a5-4aa7-b337-58b627b08036
test1823,598bedba-12cd-4436-8300-65d084febd10
test1824,d289cdec-f7f9-4bea-babe-07df00a69b4e
test1825,f06a3900-1169-42e0-b949-ae09f540f239
test1826,a5f8cafd-0ed4-43ce-8c73-74af93f4324e
test1827,20b99f16-5e43-4d36-a75d-e29f0aedd95d
test1828,672a1669-b1b0-4cea-8e1d-afa37fa6c5b4
test1829,7652846f-3a79-4206-89b8-c19350073d01
test1830,429dc1c0-30a0-4ebd-9966-ea09d74cae7c
test1831,1c0c9e2b-c4e1-43b8-b828-0eec36c37024
test1832,c5b1a07f-f295-4a43-92b0-beaf3b5113d2
test1833,7984a786-1f61-4d69-8c96-7839e8d201aa
test1834,e97842cc-2fb9-49b1-a5e0-01a86d438ba6
test1835,03f3e3d0-8935-4e71-b8d7-a2315bb892fc
test1836,b6844030-f5b3-40bd-8a31-3376292b75b6
test1837,62f97713-e648-4640-9081-354e9b14ee28
test1838,abb8e100-9e03-47e5-9c04-7b2c2dd704d5
test1839,417196bc-d07f-47c0-80b4-099d63f84ce1
test1840,0e1a1176-dd48-427e-92af-3e493c2d0394
test1841,913e81f0-180b-4b97-a0ee-662ef632d11e
test1842,e79ea8ac-8597-4590-bf4c-4861527a429c
test1843,b31d5e5c-cbb5-4aed-bddb-54cecea23356
test1844,bafe0f11-cfc6-44c5-828c-82e37cc3c64b
test1845,ae74dfa7-2437-4ea5-9524-01f69186a674
test1846,4b812fef-0cc1-4bf2-bb84-4883f313a26e
test1847,cc22c1e2-9380-4c24-a03f-39226ecbeb19
test1848,b9d1b624-3cd4-49f6-be7f-4916f0ce8427
test1849,a450198b-d40f-4113-a33f-f8fbfa5d9fc4
test1850,4ccab732-9900-4104-81cd-00f39ffe015d
test1851,fc3f7d09-7d3d-45b6-93a4-0800cc79b5e5
test1852,a047952b-e14a-498a-9d92-c11c6aa48740
test1853,7c1bfabf-c68c-4dcb-b82d-ba9215fa2c10
test1854,3ef7453a-0f0a-4848-bc9a-56cae9080bc4
test1855,b9c7e108-4ffd-4a0b-90a5-abac8ea9f5b9
test1856,cc27ebbf-fe38-4b59-b824-3614200c6913
test1857,e3b16bc2-df58-40b8-a0b3-a88d52910a43
test1858,299abb44-b7c5-482e-8ab5-49d758757a66
test1859,d2a02944-6b85-4bd9-8aad-9b227a4ac037
test1860,e14e42b9-c7e0-41c5-90e6-49193943dcc0
test1861,8a8450db-45d3-420f-b367-930bcb4c4703
test1862,f958f1c4-454f-4a9f-9039-ae7bc9fa6b74
test1863,a046d52a-254f-461a-b700-dd6e04406287
test1864,2fac081f-80b8-433c-a3e0-308ad1f9777b
test1865,34995d0c-8a0f-458c-87b5-3106bd4a504e
test1866,a9edd02e-97f7-4c1e-9797-e6f130c4a3ff
test1867,01c804cf-4987-4633-a6b1-f8123662eb4b
test1868,f0432a70-626a-459d-8b6b-eaed3a5580a2
test1869,2288f4f0-22d4-4732-afdc-9c26f29bfa62
test1870,0a266f59-4142-440a-bd93-9d76536fd85c
test1871,afc7d1b0-4f0f-4de6-bcac-f6eb1e7cb823
test1872,a32dabbf-5ed4-43f3-9837-7b007bedb009
test1873,677efd13-8f9c-4602-bff1-c95eba468d78
test1874,09e425f6-d7e7-407a-b546-80d7de0ffdf1
test1875,a97ca93e-3d7c-4a7a-baac-571e214efd35
test1876,40954126-b208-4e16-af45-27647ecf06ee
test1877,9d3cc13a-5098-4135-9ad9-03c85744cbc2
test1878,d11dae9c-4ad4-4a39-9a1d-f8e6af2b8bf1
test1879,aeb1a68a-3517-499d-a944-0f87088b4e4d
test1880,4dbbef08-594d-4fa2-a3ec-ab77cb7b8a17
test1881,0418c324-c9a9-4772-8752-6546c182fd42
test1882,26dd39ec-3d28-4b60-8ad7-e454c6bdcc82
test1883,cfc5ebb4-79dd-468e-8fd8-7d317adb2bff
test1884,0df39db4-851c-49cd-98d6-79d165e719a8
test1885,b9f99a40-f368-4079-93e9-5271d1e3fce5
test1886,9d3f8e41-ec36-4604-a089-566cde3426d7
test1887,d7abfc8a-cf7f-4ff5-93a3-6a526eda8960
test1888,cca4b4ce-c524-4d98-9802-efdfbb7a3217
test1889,245ecfd5-7a20-46da-af03-f5408b3c3c6f
test1890,57771d82-d288-458e-aa9b-4736737360ac
test1891,fcea18dc-e563-4606-9bb1-fd4786175cc7
test1892,444cb61a-2b48-47e5-b8c2-902e3a12bbda
test1893,7656af23-6dcf-4f1a-a9d6-b1000f57d2b0
test1894,4cca207c-98da-4128-87ca-568137d0f2bb
test1895,bb9d9502-92a2-4057-a1e5-b91eec161f19
test1896,6579d914-549c-47de-b1bd-45d0f1fecd3c
test1897,5d872cf5-1a29-4bdc-976f-a70624f18390
test1898,5e92b25b-c81b-4dc7-bc27-814ee0154d97
test1899,29733722-5509-4ffb-87f3-761b8c4f6226
test1900,efcfa2e1-c76b-4c44-81ec-8f6e1c0583de
test1901,0d2ab529-f994-468b-a1ac-25b0f4bbcd59
test1902,413de8b4-0d71-4c56-b215-dc223b832171
test1903,3bae8c9b-3419-4852-9765-5bcad62d5293
test1904,f8077f12-a234-4c11-849f-c67df75db967
test1905,3c0b0eb3-c32d-4bf7-8242-2823555deedc
test1906,624deca2-6f32-4277-ae4d-4fbe4bcaae53
test1907,c0254734-d506-421a-8b98-d6121d1142cd
test1908,38ed5cbf-27a9-4f03-9b78-50167fb5e1e3
test1909,f28b2c88-dbc2-4677-99b7-d0540a6ff0da
test1910,2a58187c-a0eb-476e-acdc-4eb7b1120a44
test1911,cd449674-3bbc-4c40-babe-9ad0c24c368d
test1912,ca5f4775-5baf-4b76-816c-ddf2fc2cc84b
test1913,cfa0100d-62d7-4507-be67-e0d4d67eb43e
test1914,bb070f9b-415d-4899-bc21-957b62f668d2
test1915,270a81b9-bfd5-4be9-92db-9671f1286e67
test1916,b553ff79-b361-4b26-b2c8-a01375585ebc
test1917,63d39e6f-5ba2-4ddc-aa81-32de3c0efba2
test1918,8f19d6bc-837b-490f-bad2-dc351b846b97
test1919,9208407c-e3a4-403b-b9cb-f018f1e0ede7
test1920,a0d095e4-ec0d-4a4c-8428-8b862c4185da
test1921,bf3f7a79-3d0f-4602-9509-362c98926ea5
test1922,4e60f073-746e-46db-89f6-9a18b73e661e
test1923,6367974e-e92e-445e-b339-ffc64ca408bc
test1924,51f2050b-2136-4d91-8c80-84d44a63d7e3
test1925,5097de56-d2bc-4368-aed6-67152576ad86
test1926,40c17730-e991-4951-b2eb-b88db01cacbc
test1927,fde0300c-c72c-4144-b2a8-43063d97ea68
test1928,22e9cec4-cb90-4e67-b915-a693d0af72ec
test1929,fc1e7ad2-48fe-41f6-8f93-cc6a19165497
test1930,fe36375d-6176-4605-bd60-4ecbcc88d8d5
test1931,86c4f5c0-d70b-4ea4-b56c-649dffd0220f
test1932,b4f88d02-0808-463a-b683-749e728bc2c9
test1933,48af4786-0adb-4c18-84c1-6a9c6fc406f2
test1934,80cec411-f4df-43d5-ae5a-5b4df261190d
test1935,0cf568c4-69ed-46b6-81af-26c61e5d2dbb
test1936,da78983a-05ba-4301-8ab7-197044ce492a
test1937,b8b56881-4d0e-4b46-89b2-c4a28ac67b02
test1938,64aa9bd9-82c6-459f-8231-82b429fa78e3
test1939,69e9008a-0da6-472e-ae6f-6869ad3bfdc2
test1940,c8d5952a-f4f8-49a5-baf4-9e25c3c56c5a
test1941,8132ffe2-2707-4811-ac8d-522d41568559
test1942,11003610-f256-4703-8892-c18988182843
test1943,4aac81a6-42bf-45ef-9b7d-1ae0396086b0
test1944,368f196e-a24a-47d0-a5d1-26a4fa313b36
test1945,2fbb07ea-5ae8-4d24-964f-fc9545a11b4e
test1946,1c1a2752-aff0-44d2-837d-2e67c4f7c777
test1947,80dc568a-5f76-4a00-a37e-3ab9e5b14739
test1948,09393d6a-5769-4091-ab37-2764c2473ac8
test1949,257833fa-6689-4fc5-b9c6-93193ac966eb
test1950,82553583-2f28-468f-a546-ae057546b413
test1951,aaaded70-5ebc-4c3d-84ec-cc04c30cd5c2
test1952,287b3a0e-9a43-4a5d-8866-a361d2af2e15
test1953,8526c215-4e75-4254-b396-4ed556e3c8ab
test1954,232574e9-bdc5-4793-8997-b0af3a274d42
test1955,34e60e05-6036-4b41-8514-d7a3d04061f4
test1956,641105e9-00fb-43f4-bdef-65b1be86e694
test1957,ba175c4c-aaeb-4847-8536-4009c3f9e780
test1958,590e5edd-d1c4-4546-966b-e99852304107
test1959,aae0383a-533d-4610-8b18-591d751148d5
test1960,c6cbe413-58e6-4098-a9ba-3a3b375d03d8
test1961,ad2fec9e-28df-4b23-8bf3-d31f0a0ab8a8
test1962,05abee8e-a256-4503-9a12-0b9b156dd7ea
test1963,578cf9da-d8de-4902-b3ed-4778e73598f8
test1964,6b8e0f72-698f-422d-b1ff-2819fe37c4da
test1965,d1e779d8-d9f6-44ef-80ea-46faee0585cf
test1966,44a9bc5f-4cde-4e0a-8532-80d7e25b3993
test1967,4b6c484c-c0db-4762-985c-879a0c5a9d35
test1968,cb5043c5-4ab4-42ab-a04f-ad1b598fcf84
test1969,264d03dc-708e-48aa-8a10-22029fd2fcfe
test1970,16cb1352-edf4-4718-b0c2-25be68efbcca
test1971,1d97e005-91a9-4152-9902-e4ac001e6a6d
test1972,511f6017-4e47-4d79-8b8b-f3f27c50fdd5
test1973,490057e7-8ab4-4f36-8d2c-b47f5e4a39da
test1974,22e60e0d-1a66-4d1c-b10f-05f9ef8d2e73
test1975,1ab89a3f-1d71-4267-9152-0d04dc1462dd
test1976,5a1902f9-876e-4a15-b0ea-107d70db2040
test1977,8436ee4a-aa2c-4248-83d9-8bb5703acaa6
test1978,40e4b1f5-c931-4d81-82ba-0dbdb3121be6
test1979,ae0dc753-a90f-4986-9191-8f0ea4c6c37e
test1980,3f731b15-1d84-48aa-9ff5-3db97005d3ad
test1981,63b8c616-c06d-40d0-a987-f1408a64bfa2
test1982,91c303dd-d08c-40a0-bcb6-cfff3dcc1942
test1983,016b8756-1e16-4279-84d7-cdc7f0ae32f3
test1984,57748e99-4116-46f8-948c-10e0cc163cb6
test1985,0de33c3c-1da3-4d60-a079-613f847eb227
test1986,e19528c3-dcde-45c9-964d-35129b7c1625
test1987,03372962-04ca-41c8-9c13-fc2f3e3d417e
test1988,7279c7f4-2ee7-4b1c-a7e1-b52070ccdd7d
test1989,24a7e5a4-f9ab-490d-abc7-05b90a32d11a
test1990,18817b2f-3bc4-4a65-881a-3d20485b9b53
test1991,b36c7f18-6024-4e47-a806-194901d5fa8b
test1992,92f15668-c9ec-46b6-a37a-2c8380565dc4
test1993,e18968be-251b-4b55-a65c-30d09b1ce729
test1994,75bfa89d-e50c-46c1-a80e-b415b7121bcd
test1995,969a3cd9-7ed2-48e7-ad45-e81854ce6d44
test1996,29618bf0-8e51-42e9-b232-7e6f565a4d9f
test1997,c4a359fb-0a38-4975-8ff8-d435f6cf6755
test1998,199ec77f-0fbd-41e6-a96d-ef6715c13acd
test1999,e0e34c2d-3035-4940-b039-ec2ff27435ac
test2000,805f0b01-9f73-41bf-be37-fa594ff0f761